"TryNumb,""ID"",""rsqrd"",""mse"""
1,1,0.733012006551048,0.0128903410902859
1,2,-0.0537187986055732,0.00820516217895012
1,3,-0.122668152779519,0.00722183165768512
1,4,0.0181607673096758,0.0108390528948561
1,5,-0.032906484173524,0.00728719533233507
1,6,0.0368111971192047,0.00640117695581652
1,7,-0.0781996807783831,0.011118840927642
1,8,0.0646726047645854,0.023911688252966
1,9,0.043767397045702,0.00745578170327182
1,10,0.0163472698566941,0.0100556624862691
1,11,-0.161718791749791,0.00643637028808599
1,12,-0.0262294061014698,0.0196536632437507
1,13,0.0497270381861495,0.0364918719997016
1,14,0.0367219735767205,0.0181477959875186
1,15,0.0877113936892661,0.00657147674390354
1,16,0.0394903047194222,0.0171065082052464
1,17,0.0285656898376141,0.00581857523922697
1,18,-0.0692332151073842,0.0123259541121935
1,19,-0.0645342585157891,0.0124529115386411
1,20,0.00883814394005211,0.0976511834968254
1,21,0.0108182891304914,0.00967303176377755
1,22,-0.0464947106220486,0.00972385760133505
1,23,-0.0204373795890138,0.0115720256652586
1,24,-0.0394444953520559,0.00892885952200286
1,25,0.041417633665308,0.193547802090243
1,26,0.0963367918438797,0.19441898967785
1,27,-0.0660694723210267,0.00320025979742462
1,28,0.703860813599234,0.00782669884588277
1,29,-0.0235230982897849,0.00963438559287843
1,30,0.0237843143945845,0.029124011250572
1,31,-0.0555382500644275,0.00992287262409055
1,32,-0.0941767722550355,0.00668659842257972
1,33,-0.0328509656198173,0.00425653766621173
1,34,-0.036508324993979,0.00675110852210771
1,35,0.538932929221746,0.0124051531859351
1,36,-0.00699792627310747,0.00934316305729683
1,37,0.106483599613145,0.0112316127996573
1,38,-0.0126626284349041,0.00445215983119082
1,39,0.0459260884263681,0.00591412635479508
1,40,0.195570212017695,0.00641048912888006
1,41,-0.0951685095354353,0.00476525024546636
1,42,-0.041977669766124,0.257799593434011
1,43,-0.116221058029925,0.0114637078007412
1,44,-0.131018050614631,0.0242194546022987
1,45,0.00167234691496676,0.0226890327822984
1,46,0.175584406849979,0.00302300213320821
1,47,0.0888364209641261,0.0357831650220886
1,48,0.0139591507182469,0.00707508613502638
1,49,-0.207359676308847,0.00455335216622375
1,50,0.0283658248084038,0.0124230847785578
1,51,0.0439465935987141,0.00484619145702045
1,52,-0.0218820025029056,0.0224974136740407
1,53,0.535162028827955,0.00950859836845227
1,54,-0.0558964990603028,0.00961548578325697
1,55,0.0536191472686133,0.0113244171953697
1,56,0.513600297324704,0.00879069567761391
1,57,0.0417063276360807,0.0256017725144388
1,58,0.0353168314944028,0.0106966040587361
1,59,0.112771155395491,0.00579443329149359
1,60,0.104263101757516,0.0258423235081767
1,61,-0.0113829187044809,0.00811258743843317
1,62,-0.0326276571238864,0.00856591215111679
1,63,0.18743090014635,0.00938498836727542
1,64,0.0138210850841682,0.0292428626767662
1,65,0.0433383181449452,0.0397528923584848
1,66,-0.103418817303988,0.00469616588091725
1,67,-0.0284380210465212,0.00450432926359349
1,68,0.809452039675986,0.00585502170156432
1,69,0.503915496413289,0.00879731156823435
1,70,0.0663852483379529,0.0176999590014801
1,71,0.0820327413815831,0.0152188780228389
1,72,-0.00789593884044337,0.0860878142527502
1,73,-0.00278968836713478,0.0184438840529677
1,74,-0.019042469228044,0.0156292546289243
1,75,-0.0198736631917917,0.00737255744093711
1,76,-0.096121459383202,0.0105412839954788
1,77,0.15540840401102,0.100465939155095
1,78,-0.212924916574418,0.00458083976789697
1,79,-0.000438600238467535,0.0109855249796612
1,80,-0.076005483697027,0.00724385729765421
1,81,-0.0346591795605409,0.0103903396055078
1,82,0.0419122400239226,0.0154988007852221
1,83,-0.0188709682630348,0.00677363636753414
1,84,-0.0633004138492954,0.0102204739087666
1,85,-0.144578423770948,0.00829563075471868
1,86,-0.0330531765736921,0.0163902403140971
1,87,-0.0289074000526242,0.00498911629611324
1,88,0.0080822784210014,0.0117772455357482
1,89,0.0308725697016735,0.00584260988947199
1,90,-0.0230432465487367,0.0178880515582836
1,91,0.200364662824221,0.0138333920362301
1,92,-0.034537315737226,0.028387675055416
1,93,0.0146005745169776,0.0384641147466157
1,94,-0.00856373454655213,0.0188834736725568
1,95,0.167783779121361,0.0177409084527641
1,96,-0.0566012743799063,0.033268886516152
1,97,-0.0154182618740093,0.010314755127449
1,98,-0.0495512323628773,0.0195862591295878
1,99,-0.0115269174129842,0.0063804794661029
1,100,0.00974422850680146,0.0252535877467685
1,101,0.308815716535808,0.00655391210603231
1,102,0.0292492236903675,0.0192286893106068
1,103,-0.155004278051404,0.00365716675220108
1,104,-0.12152195039958,0.00232864980878982
1,105,0.00338099271790182,0.026302433527539
1,106,-0.0548439073545821,0.00710766234151959
1,107,0.0141972701819971,0.0181636692636389
1,108,0.00443543479207964,0.0132852565126676
1,109,0.014123622064819,0.0448047466636962
1,110,0.429582304542079,0.0731984372353029
1,111,0.0221017057031642,0.0375208201412357
1,112,0.0466514448870011,0.00906257422869936
1,113,-0.00055378020545005,0.01184541076448
1,114,-0.10855490709982,0.00522471516046778
1,115,-0.00503852808170313,0.012541929730834
1,116,0.0203777220972307,0.0955121296691468
1,117,0.0415352389985019,0.0118198097482642
1,118,-0.00940090538119587,0.0791573889277172
1,119,0.436139157408292,0.00540969818218807
1,120,-0.203772817098646,0.00378861761974296
1,121,0.0514912488480929,0.0124923702014162
2,1,0.718560603272212,0.0135880635424871
2,2,-0.0508573783006951,0.00818288069579282
2,3,-0.116138623192567,0.00717982889545829
2,4,0.0102450041014943,0.0109264392746828
2,5,0.0443599119233824,0.00674207790920818
2,6,0.0379436595469073,0.00639365081725069
2,7,-0.0686445882981264,0.0110203048630976
2,8,0.0611552148154061,0.0240016104902033
2,9,0.0495473149892391,0.00741071546487261
2,10,0.0193168132400255,0.0100253055065281
2,11,-0.135029940618323,0.00628850375647296
2,12,-0.0265471739369636,0.0196597489220517
2,13,0.0695447138830948,0.035730844259331
2,14,0.0460302193933632,0.0179724321346657
2,15,0.101166722453761,0.00647455414786781
2,16,0.0379317979477299,0.0171342649358748
2,17,0.0576779240949236,0.00564420243435884
2,18,-0.0626475633352688,0.0122500357434083
2,19,-0.153881649049616,0.0134980964555431
2,20,0.0116217179611796,0.0973769403993411
2,21,0.00956001147816721,0.00968533623682314
2,22,-0.0374871106714287,0.00964016045660935
2,23,-0.0186268721370915,0.0115514940391933
2,24,-0.0388152852335799,0.00892345458813403
2,25,0.0408303364812138,0.193666383532117
2,26,0.109098696966954,0.191673324392377
2,27,-0.0779198716096852,0.00323583379838007
2,28,0.758399452009214,0.00638529048825412
2,29,-0.0244990728575234,0.00964357240588748
2,30,0.0242426496593143,0.0291103374676126
2,31,-0.0397961105251274,0.00977488438636482
2,32,-0.0855633986374944,0.00663396143383662
2,33,-0.014485061293434,0.00418084895008377
2,34,-0.0152585527221205,0.00661270199394188
2,35,0.529619122924433,0.0126557440461049
2,36,-0.00514691476310869,0.00932598893815752
2,37,0.102084882397557,0.0112869052246864
2,38,0.0260972801429979,0.00428175233002939
2,39,0.0484860308548678,0.00589825774881027
2,40,0.234855526509959,0.00609742503647622
2,41,-0.0760469626118407,0.00468204939064082
2,42,-0.0411159033713711,0.257586380586319
2,43,-0.217640087039082,0.0125052919077888
2,44,-0.122915734845082,0.024045952801114
2,45,-0.00148391486681398,0.0227607652709408
2,46,0.180710673748893,0.00300420491988574
2,47,0.099020583543875,0.03538321315989
2,48,0.0125954766454917,0.00708487083261966
2,49,-0.19806492039667,0.0045182985713442
2,50,0.0298350263145046,0.0124042999155578
2,51,0.0537569981989923,0.00479646296000819
2,52,-0.017332292968951,0.0223972487849132
2,53,0.536962009188722,0.009471778462629
2,54,-0.0455712457129545,0.0095214592126051
2,55,0.05339844991744,0.01132705806545
2,56,0.513208175170824,0.00879778249634395
2,57,0.039572691092253,0.0256587747455908
2,58,0.052896858940964,0.0105016731227804
2,59,0.115345996573102,0.00577761717293456
2,60,0.0810000686382977,0.0265134701683487
2,61,-0.00169506785179641,0.0080348784563262
2,62,-0.0281826664706504,0.00852903980977915
2,63,0.161681048589771,0.0096823932985743
2,64,0.0171211108168201,0.029145008019898
2,65,0.0392159875241639,0.0399241907062103
2,66,-0.0912627480041377,0.00464442948038032
2,67,-0.029652094215102,0.00450964663341984
2,68,0.808067551997567,0.0058975632506258
2,69,0.500474203900281,0.00885833770836871
2,70,0.0669824392037797,0.01768863714327
2,71,0.102061194486039,0.0148868285059077
2,72,-0.00339659120961011,0.0857035096949331
2,73,0.00534894122823049,0.0182941937017921
2,74,-0.0122152540684259,0.0155245442882287
2,75,-0.00010469023893056,0.00722964965352826
2,76,-0.0684349013671413,0.0102750252990485
2,77,0.186236048684631,0.0967989262594161
2,78,-0.168417919550684,0.00441275069731229
2,79,-0.000265730944235099,0.0109836267522742
2,80,-0.0744589325428748,0.00723344564452238
2,81,-0.029122967550564,0.0103347434014166
2,82,0.0413643695518805,0.015507663580111
2,83,-0.00417437951457811,0.00667593081783637
2,84,-0.0266938444629761,0.00986861051961592
2,85,-0.140264568021764,0.00826436495966163
2,86,-0.0321778232967436,0.0163763521127013
2,87,-0.00595806905434704,0.00487783623217109
2,88,0.00133331875649068,0.0118573773383671
2,89,0.0333973004121035,0.00582738896376517
2,90,-0.0171552069082699,0.0177850983771535
2,91,0.205439974595333,0.0137455910422372
2,92,-0.0351751776009845,0.0284051779671459
2,93,0.0129187048302442,0.0385297649052685
2,94,-0.0101863055414027,0.0189138532862724
2,95,0.0604033883877219,0.0200300078885047
2,96,-0.0584840924678853,0.033328170242964
2,97,-0.0138067254331926,0.0102983849237702
2,98,-0.0378912758492682,0.0193686661977963
2,99,0.000378166720153117,0.0063053849297677
2,100,0.00733882239956929,0.0253149306199375
2,101,0.314530855614826,0.00649972030784804
2,102,0.0355063992746094,0.019104746803212
2,103,-0.132720166914738,0.00358660709116774
2,104,-0.0636221879841332,0.00220843078799431
2,105,0.012000864773846,0.0260749407643961
2,106,-0.039784576955084,0.00700619080168063
2,107,0.0124038271112256,0.0181967139142524
2,108,0.00455099863058117,0.0132837143773891
2,109,0.0163177293655287,0.0447050319084171
2,110,0.768413077744002,0.029718223905491
2,111,0.0112416633253031,0.0379375073357654
2,112,0.0653997938763478,0.00888435158025639
2,113,-0.00433678861392495,0.0118901972511341
2,114,-0.0883445645618703,0.00512946206801382
2,115,-0.000568066748385165,0.0124861426039326
2,116,0.0216910943777955,0.095384077269365
2,117,0.0488722919177744,0.0117293290408377
2,118,-0.00565115030204044,0.0788633325031568
2,119,0.437516024109823,0.00539648848091115
2,120,-0.194699275907207,0.00376006058843019
2,121,0.0484425360321519,0.012532523388288
3,1,0.725808195351439,0.0132381454327712
3,2,-0.0540556334166973,0.00820778506491974
3,3,-0.108002911697621,0.00712749398359094
3,4,0.0229112284639922,0.0107866099917695
3,5,-0.0407266652406004,0.00734236701325991
3,6,0.0504259541172011,0.00631069576615364
3,7,-0.0782810947207522,0.0111196805018791
3,8,0.059299609494417,0.0240490491263237
3,9,0.0439970051107027,0.00745399144052125
3,10,0.0190322767938604,0.01002821425916
3,11,-0.166148955211517,0.00646091510278549
3,12,-0.0232228595854451,0.0195960838639344
3,13,0.0389837638590838,0.0369044294514602
3,14,0.0343084862438863,0.0181932651818044
3,15,0.0897765256754306,0.00655660100532005
3,16,0.0351356688717345,0.0171840635013827
3,17,0.0547605970806406,0.00566167627335388
3,18,-0.0669934611151215,0.012300134576716
3,19,-0.0906013505268544,0.0127578441307927
3,20,0.0133937896062196,0.0972023524727363
3,21,0.0129767815964043,0.00965192425041047
3,22,-0.0423941050064442,0.00968575544498333
3,23,-0.0215387840635679,0.0115845158788693
3,24,-0.0393940843925904,0.00892842649034272
3,25,0.0425559796529581,0.193317958133515
3,26,0.102546352317617,0.193083031255783
3,27,-0.0525472507589257,0.00315966711265066
3,28,0.726441272459647,0.0072299171316819
3,29,-0.0222928084258636,0.00962280491926214
3,30,0.0255054822840801,0.0290726626462451
3,31,-0.0572409668149025,0.00993887947313543
3,32,-0.0848258795071406,0.00662945439769887
3,33,-0.0256572753620561,0.00422689136237849
3,34,-0.0481450559049112,0.00682690225316406
3,35,0.520765760140007,0.0128939465301081
3,36,-0.00322187979527322,0.00930812801200641
3,37,0.0995971433731813,0.0113181764150712
3,38,-0.0117491698575438,0.00444814382085196
3,39,0.0499959722686382,0.00588889790341355
3,40,0.189029432953155,0.00646261250088101
3,41,-0.0918949089045948,0.0047510062948105
3,42,-0.0486952940645105,0.259461625993072
3,43,-0.15503372581189,0.011862317985721
3,44,-0.118934792905276,0.0239607054944657
3,45,0.00150276187721665,0.0226928869482819
3,46,0.184760263398773,0.00298935571245696
3,47,0.0908193566443953,0.0357052912831598
3,48,0.0153601513230343,0.00706503361036544
3,49,-0.188662673092138,0.00448283959091647
3,50,0.031667818818697,0.0123808662640432
3,51,0.049497284575543,0.00481805525561961
3,52,-0.0187010289197633,0.0224273824195408
3,53,0.5367891351408,0.00947531472685861
3,54,-0.0536810853322434,0.00959531119301527
3,55,0.0656289872681337,0.0111807071464906
3,56,0.515280826772968,0.00876032349013989
3,57,0.0403965840056936,0.0256367636235783
3,58,0.0309407399398522,0.0107451270559356
3,59,0.114144383311416,0.00578546483019836
3,60,0.0784041717909746,0.0265883627023662
3,61,0.00434741924554283,0.0079864099643078
3,62,-0.0299140197248466,0.00854340183056726
3,63,0.137986763291048,0.00995605690692399
3,64,0.0163445640403908,0.0291680347246894
3,65,0.0342280723245756,0.0401314573499813
3,66,-0.104596911058117,0.00470117986437113
3,67,-0.015952620914585,0.00444964599437253
3,68,0.807864129072919,0.00590381388504028
3,69,0.503417051328435,0.00880615074115633
3,70,0.0673956886121297,0.0176808025438572
3,71,0.0869128286670202,0.0151379715935076
3,72,-0.00893137361641405,0.0861762542525851
3,73,-0.00819035350863184,0.0185432161889422
3,74,-0.0219869409861935,0.0156744145709732
3,75,-0.0153312794523823,0.00733972103556042
3,76,-0.0919163796598799,0.0105008441890981
3,77,0.1696462943611,0.0987723122798087
3,78,-0.152031752774071,0.00435086524720076
3,79,0.00593602949066385,0.0109155270266546
3,80,-0.0722955839212025,0.00721888160285353
3,81,-0.0331296117266482,0.0103749792534636
3,82,0.0427766003828584,0.0154848181945144
3,83,0.00570279852455902,0.00661026557222772
3,84,-0.0609271572064933,0.0101976620982184
3,85,-0.13575758732601,0.00823169944116666
3,86,-0.0300566547176451,0.0163426980244641
3,87,-0.0275872719346906,0.00498271506631763
3,88,0.0134377821045004,0.0117136585259831
3,89,0.0456371953181365,0.00575359791339517
3,90,-0.0223145907288,0.0178753109112785
3,91,0.202188735984136,0.0138018362532992
3,92,-0.0321749516250229,0.0283228518501438
3,93,0.0145329245720884,0.0384667553968693
3,94,-0.00702222425246868,0.0188546117691815
3,95,-0.0330401933758631,0.0220220070684966
3,96,-0.0261039769244551,0.0323086272843143
3,97,-0.00547719568257521,0.0102137724414756
3,98,-0.0449036055656193,0.0194995271817021
3,99,-0.00852921735556111,0.00636157066265668
3,100,0.00780511497100134,0.0253030391867267
3,101,0.319415128674608,0.00645340690474917
3,102,0.0325507845487795,0.0191632917960895
3,103,-0.147097944363949,0.0036321324027679
3,104,-0.116684648051504,0.00231860597221231
3,105,0.0064057221345496,0.0262226058864456
3,106,-0.0511988196987905,0.00708310131208009
3,107,0.0142139867221494,0.01816336125708
3,108,0.00478925730294899,0.0132805349476571
3,109,0.0148817867341895,0.044770290643955
3,110,0.784769684898379,0.0276192741504154
3,111,0.0191576857560944,0.0376337787623627
3,112,0.0520779465625976,0.00901098965978855
3,113,0.009025991177674,0.01173199724358
3,114,-0.102866707813729,0.00519790618523753
3,115,-0.000877902364243788,0.0124900090592113
3,116,0.0191235889235901,0.0956344063190404
3,117,0.0368542594754138,0.0118775356967285
3,118,-0.00979590276869047,0.0791883646893404
3,119,0.443228167394442,0.00534168600340416
3,120,-0.203251897757253,0.0037869781374692
3,121,0.0501174219494103,0.0125104642402853
4,1,0.707102879123989,0.0141412493636211
4,2,-0.0480989047966232,0.00816140084509906
4,3,-0.0980744375885401,0.00706362669702371
4,4,0.0206099534127934,0.01081201500837
4,5,-0.0372206216584194,0.00731763173972014
4,6,0.056783656872907,0.00626844363422475
4,7,-0.0759258808692918,0.0110953925627971
4,8,0.0634990646259508,0.0239416898610556
4,9,0.045563617775322,0.00744177650243516
4,10,0.018146109757786,0.010037273347137
4,11,-0.158278939302872,0.00641731217846258
4,12,-0.0214531801872682,0.0195621921407638
4,13,0.0672569808739877,0.0358186965538743
4,14,0.0384516393111517,0.0181152097351449
4,15,0.0882817865890279,0.00656736804009014
4,16,0.0354073911400822,0.0171792241757248
4,17,0.0615798172496889,0.0056208313647364
4,18,-0.0574674970451448,0.0121903207453255
4,19,-0.163634310284862,0.0136121829930662
4,20,0.0185301333871064,0.0966963099470039
4,21,0.0160811500519401,0.00962156718421434
4,22,-0.0343519153749403,0.00961102873496184
4,23,-0.0226420968120227,0.011597027732803
4,24,-0.0341793997561912,0.00888363219225547
4,25,0.0413448382354276,0.193562500248638
4,26,0.10314257289632,0.192954757136078
4,27,-0.0589825294009516,0.00317898533163921
4,28,0.727618888317991,0.00719879377785827
4,29,-0.0179244893567889,0.0095816860911922
4,30,0.0252351703007287,0.0290807270211168
4,31,-0.0556161595573017,0.00992360503333669
4,32,-0.1066798780979,0.00676300586416152
4,33,-0.00588471330065476,0.00414540559340178
4,34,-0.0741118029620162,0.00699603193897692
4,35,0.539727173962226,0.0123837837837434
4,36,-0.00116533553894915,0.00928904691181736
4,37,0.104543875418278,0.0112559953751595
4,38,0.0161283133523745,0.00432558078015427
4,39,0.0522034041417223,0.00587521444465982
4,40,0.189205895336988,0.00646120627474403
4,41,-0.0788787620261049,0.00469437099479255
4,42,-0.0475184442805856,0.259170457185302
4,43,-0.167802225781797,0.0119934518248972
4,44,-0.136889675184799,0.0243451887094084
4,45,0.00362429252259999,0.0226446708358533
4,46,0.173700982011332,0.00302990835544888
4,47,0.0888415195983726,0.0357829647888101
4,48,0.0187697617388507,0.00704056881522399
4,49,-0.185529692287437,0.00447102408538506
4,50,0.0314437857519984,0.0123837306978516
4,51,0.0435863731363781,0.00484801739824458
4,52,-0.0172477351219584,0.0223953871875286
4,53,0.537067412943868,0.00946962235224996
4,54,-0.049522955857934,0.00955744532748702
4,55,0.0575252855150381,0.0112776762464191
4,56,0.515198048607129,0.00876181953888465
4,57,0.0392587053507982,0.0256671631882544
4,58,0.0379718747682514,0.010667164396486
4,59,0.119884512779452,0.00574797642178001
4,60,0.108970709386669,0.0257065073778589
4,61,-0.000382898415703714,0.00802435317545832
4,62,-0.0276581328798697,0.00852468866866072
4,63,0.0954771089992238,0.0104470337495058
4,64,0.0102778950356747,0.0293479278109509
4,65,0.0430838998932056,0.0397634643941033
4,66,-0.0944046772916425,0.00465780157526292
4,67,-0.0245573349789319,0.00448733272373465
4,68,0.808977819275587,0.00586959320750403
4,69,0.50903947826954,0.00870644546672643
4,70,0.0672758107223289,0.0176830752518782
4,71,0.0961230734201736,0.014985275960692
4,72,-0.00690952585226379,0.0860035613702547
4,73,-0.00317174236308859,0.018450911009552
4,74,-0.0192401553305193,0.0156322865795303
4,75,-0.0077465912245307,0.00728489213699231
4,76,-0.062539412512288,0.0102183290070644
4,77,0.199770651411308,0.0951889569198152
4,78,-0.171508024190383,0.00442442106043788
4,79,0.00418350222503394,0.0109347710182894
4,80,-0.0672611882754461,0.00718498916997067
4,81,-0.0308774328869696,0.0103523622376783
4,82,0.0452684312983639,0.0154445083267097
4,83,0.0273421181288783,0.00646640350646448
4,84,-0.0371390257457385,0.00996900990005662
4,85,-0.143671173372573,0.00828905522074855
4,86,-0.0322831449931331,0.0163780231282436
4,87,-0.0151543867615873,0.00492242867900847
4,88,0.0171033466755497,0.0116701365149925
4,89,0.0429971580016352,0.00576951399176808
4,90,-0.0131025029455185,0.0177142362922116
4,91,0.201727473853175,0.0138098159155182
4,92,-0.0299688597113985,0.0282623167496368
4,93,0.0136599545995245,0.0385008309365202
4,94,-0.00405165416051156,0.018798993388109
4,95,-0.0744737394451507,0.0229052736153953
4,96,-0.0298617336335909,0.0324269466395365
4,97,-0.016409335038861,0.01032482258181
4,98,-0.050661285541608,0.0196069744491795
4,99,-0.00922565668900366,0.00636596364201286
4,100,0.00962630002585052,0.0252565951690197
4,101,0.308973406372916,0.00655241686755952
4,102,0.030505753561015,0.0192037998919406
4,103,-0.144583190430027,0.00362416977037607
4,104,-0.133366359873086,0.00235324271296426
4,105,0.0065824774321025,0.026217941020102
4,106,-0.0371822680438665,0.00698865613809647
4,107,0.016391378039871,0.0181232422611021
4,108,0.00445961004118711,0.0132849339073873
4,109,0.0114726021356361,0.0449252265524387
4,110,0.785372343785549,0.0275419383856275
4,111,0.0322997277172972,0.0371295338980546
4,112,0.071615864748494,0.00882526133106311
4,113,0.0170939501700634,0.0116364818498185
4,114,-0.0860762156249746,0.00511877114327574
4,115,0.00553863037627123,0.0124099368027768
4,116,0.0208522005375807,0.0954658685261101
4,117,0.0405406089182256,0.0118320755495718
4,118,-0.0103224475641472,0.0792296564208414
4,119,0.438141294079129,0.00539048962168768
4,120,-0.209831326321914,0.00380768548243816
4,121,0.0488036628537032,0.0125277671538948
5,1,0.711880372832721,0.0139105890906002
5,2,-0.0575911502901689,0.00823531564458828
5,3,-0.126182043386954,0.00724443560023715
5,4,0.0103041966561633,0.0109257858161433
5,5,-0.0541667070100103,0.00743718702954318
5,6,0.0326232770471262,0.00642900910811938
5,7,-0.0774748485380052,0.0111113661578719
5,8,0.0676901012844551,0.0238345458144411
5,9,0.0374127642762557,0.00750532901486429
5,10,0.00935526785615215,0.0101271401633661
5,11,-0.165176102229082,0.00645552512194392
5,12,-0.028504024125654,0.019697225215752
5,13,0.0764415621954512,0.0354659951939262
5,14,0.0445615053278666,0.0180001021556705
5,15,0.084626148773979,0.00659370064878387
5,16,0.0433050935601151,0.0170385674890566
5,17,-0.00473262821544362,0.00601802132313051
5,18,-0.0746282147879893,0.0123881468289544
5,19,-0.189411138734488,0.0139137200848621
5,20,0.0142503122907933,0.0971179662008785
5,21,0.00733589421538083,0.00970708548339017
5,22,-0.0461397654658207,0.00972055950902708
5,23,-0.0270260117355827,0.0116467424698603
5,24,-0.0470668315519609,0.00899433561953645
5,25,0.0435058291607257,0.193126173586875
5,26,0.105511159652288,0.192445166571913
5,27,-0.069451252836279,0.00321041164634973
5,28,0.731695821898468,0.00709104400067788
5,29,-0.0336179651632438,0.00972940820656461
5,30,0.0277934669504069,0.0290044038668117
5,31,-0.0765948142025183,0.0101208205467078
5,32,-0.110940501392048,0.00678904286085187
5,33,-0.0713160478855024,0.00441505818557782
5,34,-0.106286514632869,0.00720559607360045
5,35,0.537083471844525,0.0124549134128725
5,36,-0.00714207063434769,0.00934450046250465
5,37,0.11405911228804,0.0111363876587573
5,38,-0.0342972494464342,0.00454727619860278
5,39,0.0475140101566832,0.00590428312395029
5,40,0.242238740411752,0.00603858831366869
5,41,-0.10481923489282,0.00480724206770905
5,42,-0.0208789195700905,0.252579472715182
5,43,-0.108241366243941,0.0113817555258612
5,44,-0.160780770194275,0.0248567891128385
5,45,0.000167721147941613,0.0227232284727089
5,46,0.165543583179992,0.00305982025215906
5,47,0.101369969506229,0.0352909482060159
5,48,0.0114460251768063,0.0070931184302267
5,49,-0.224494173221282,0.00461797201411523
5,50,0.0325044182476742,0.0123701697015949
5,51,0.0344315560261893,0.00489442275193395
5,52,-0.0238817365026054,0.0225414391514628
5,53,0.52900852427003,0.00963447277422041
5,54,-0.0587498148007519,0.00964146940661575
5,55,0.0541739938958504,0.0113177778866092
5,56,0.51245606100263,0.00881137544619784
5,57,0.0389579004904553,0.0256751994905152
5,58,0.0312948680558358,0.0107412004110367
5,59,0.0936085689745952,0.00591958288439017
5,60,0.123705159898954,0.0252814133155279
5,61,-0.00906618845098395,0.00809400429212412
5,62,-0.034174182365867,0.00857874097598013
5,63,0.18791031088531,0.00937945128223355
5,64,0.0100764365717662,0.0293539015973563
5,65,0.0535080069899052,0.0393303035231203
5,66,-0.115190398798422,0.0047462658959901
5,67,-0.0370759512554182,0.0045421614722639
5,68,0.806683069582635,0.00594010463795464
5,69,0.502193456526353,0.00882784935223843
5,70,0.0667751788704981,0.017692566493567
5,71,0.0787771359564264,0.0152728523464226
5,72,-0.0029817235002072,0.0856680744352697
5,73,-0.00635080828015555,0.0185093822162779
5,74,-0.0183646818588832,0.0156188592708339
5,75,-0.025861551233948,0.00741584324204559
5,76,-0.0936696411741307,0.01051770511941
5,77,0.221326275541948,0.0926248702859397
5,78,-0.241980415358415,0.00469057334042652
5,79,-0.00149525899199743,0.010997127841775
5,80,-0.0845315593905152,0.00730125633192346
5,81,-0.0371739597983063,0.0104155937386753
5,82,0.0422639583360421,0.0154931111059674
5,83,-0.012684003506112,0.00673250431962272
5,84,-0.109121867638528,0.0106609110296544
5,85,-0.157974623569344,0.00839272320791888
5,86,-0.0380108704142965,0.016468898214091
5,87,-0.0340241555270815,0.00501392716647877
5,88,0.0080080722871787,0.0117781266006181
5,89,0.00817471303102724,0.0059794491922383
5,90,-0.0222565562898736,0.0178742961711497
5,91,0.197691833120866,0.0138796309896801
5,92,-0.0425255507119771,0.0286068720000598
5,93,0.00896747582988677,0.0386839973126859
5,94,-0.0124649816691931,0.0189565172441301
5,95,0.149645975214581,0.0181275641205719
5,96,-0.0557643678487256,0.033242535091934
5,97,-0.0259928719361726,0.0104221734371789
5,98,-0.0518751156545372,0.0196296264078434
5,99,-0.0163472227016992,0.00641088484472956
5,100,0.0102138516907972,0.02524161137599
5,101,0.296394161972044,0.00667169513261268
5,102,0.0286464597913619,0.0192406288938907
5,103,-0.169216303074429,0.00370216723088619
5,104,-0.157900452939816,0.00240418358942978
5,105,0.00623737040844341,0.0262270489685591
5,106,-0.0549650465681906,0.00710847859179192
5,107,0.0136592107738044,0.018173583146852
5,108,0.00201864885240577,0.0133175071795423
5,109,0.0175097684147915,0.044650857765684
5,110,0.764969956228229,0.0301600599778511
5,111,0.0152864852743675,0.0377823122221843
5,112,0.0487543110299099,0.00904258428859726
5,113,0.00216863176193594,0.0118131805249249
5,114,-0.126423203155028,0.0053089299852757
5,115,-0.00527547948044349,0.0125448866600557
5,116,0.0177871526715769,0.0957647074314958
5,117,0.0393301668868136,0.0118470027488855
5,118,-0.00429735394732123,0.0787571675651147
5,119,0.428607041415413,0.00548196153356289
5,120,-0.220209332578598,0.00384034803869744
5,121,0.0501616196537195,0.0125098821327574
6,1,0.721765478805784,0.0134333302219134
6,2,-0.0566192987909948,0.00822774797171851
6,3,-0.133531265279772,0.00729171122945448
6,4,0.0145584159164661,0.0108788211949981
6,5,0.02294414609831,0.00689316696823729
6,6,0.0198675227726963,0.00651378152249061
6,7,-0.071563628068011,0.011050407208184
6,8,0.0636737517818518,0.0239372239758105
6,9,0.0437157515609881,0.00745618438506577
6,10,-0.00163882451275521,0.0102395303177537
6,11,-0.181645108591327,0.00654676977080132
6,12,-0.0301991377250872,0.0197296889043241
6,13,0.0470874869136166,0.0365932346302768
6,14,0.0385560521960457,0.0181132426356351
6,15,0.0932861679297283,0.00653132004456488
6,16,0.0417133996313399,0.0170669152770973
6,17,-0.0276081762915905,0.00615503840830776
6,18,-0.0654192920885335,0.012281987801146
6,19,-0.168640653060943,0.0136707471428096
6,20,0.0134278451674072,0.0971989972529664
6,21,0.00407922756131829,0.0097389318465433
6,22,-0.0421479503105215,0.0096834682158299
6,23,-0.017675770272028,0.0115407082963217
6,24,-0.0381083217983338,0.0089173817509323
6,25,0.0414559456872855,0.19354006649244
6,26,0.102910282781183,0.19300473328769
6,27,-0.0899397058679168,0.00327191643027888
6,28,0.695705701607391,0.00804223130003162
6,29,-0.025225496951204,0.00965041020938617
6,30,0.0284695389492529,0.0289842342170192
6,31,-0.0477188286506063,0.00984936403955683
6,32,-0.130987746596632,0.00691155311839076
6,33,-0.0777600444472062,0.00444161488639803
6,34,-0.0215470060069105,0.00665366069107735
6,35,0.535371303087131,0.0125009798467208
6,36,-0.00621367579834087,0.00933588659736347
6,37,0.116356051810805,0.0111075148419486
6,38,-0.0291327027033428,0.0045245703270615
6,39,0.0339581202613235,0.00598831355882574
6,40,0.238762589134367,0.00606628971198452
6,41,-0.0908772057682203,0.00474657810857414
6,42,-0.0976438880201822,0.271572180745912
6,43,-0.132586935296247,0.0116317870835447
6,44,-0.144726155313949,0.0245129979451908
6,45,-0.00779554177997421,0.0229042098700159
6,46,0.171718773628891,0.00303717680138606
6,47,0.094729975135838,0.0355517136928814
6,48,0.0125868425959417,0.00708493278405332
6,49,-0.233245387386083,0.00465097573351739
6,50,0.0286932500588972,0.012418898396739
6,51,0.040647809194597,0.00486291284589972
6,52,-0.0215433077936591,0.0224899570841757
6,53,0.532535989209035,0.00956231591646796
6,54,-0.0569517789207368,0.00962509565364142
6,55,0.0444281495054399,0.0114343969068267
6,56,0.509872305242965,0.00885807163137965
6,57,0.0400393553149194,0.0256463073448201
6,58,0.0491095797136939,0.0105436672485997
6,59,0.0938085295072997,0.00591827695528886
6,60,0.117973848608771,0.025446763655318
6,61,-0.0148942298455128,0.00814075265472104
6,62,-0.0285111641236997,0.00853176478234642
6,63,0.235623357988851,0.00882837643565786
6,64,0.0129681937163305,0.029268153204449
6,65,0.0423626533900359,0.0397934349000285
6,66,-0.107144380385368,0.00471202192936921
6,67,-0.0523438576649398,0.00460903149867952
6,68,0.804693899377348,0.00600122644004716
6,69,0.508263464696982,0.00872020689875991
6,70,0.0639496002141201,0.017746135298349
6,71,0.0888969863411931,0.0151050764620769
6,72,-0.00562654492171721,0.0858939776128622
6,73,0.00320889960895998,0.0183335545767115
6,74,-0.0160144719669626,0.015582813639821
6,75,-0.0392794497551885,0.00751283979284868
6,76,-0.107728457087732,0.0106529072632206
6,77,0.161342849960441,0.0997600243810137
6,78,-0.137245972652228,0.00429502395920677
6,79,-0.0165765020013744,0.0111627305801783
6,80,-0.0752839867744328,0.0072390000540554
6,81,-0.0303137391151083,0.0103467014656686
6,82,0.0398452677977622,0.0155322377960055
6,83,-0.0293375971682612,0.00684322038789227
6,84,-0.0630216696617898,0.0102177946116851
6,85,-0.161942070477403,0.00842147831451941
6,86,-0.0348395089631934,0.0164185819501414
6,87,-0.0247804034510424,0.00496910471295434
6,88,-0.0016306958507446,0.0118925697006383
6,89,-0.0059061437560739,0.00606433890905421
6,90,-0.0289486517185324,0.0179913083780771
6,91,0.201114443891541,0.0138204211044024
6,92,-0.0352976927211461,0.028408539778622
6,93,0.0111047821042074,0.0386005696267565
6,94,-0.011854839021795,0.0189450934617512
6,95,0.240063996044159,0.0162000628417287
6,96,-0.033872281402352,0.0325532255508172
6,97,-0.0193286994180757,0.0103544778773961
6,98,-0.0514636543399525,0.0196219478994669
6,99,-0.0150478250766968,0.00640268854295853
6,100,0.00876759383195758,0.0252784939681385
6,101,0.306063689977368,0.00658000723089117
6,102,0.0291244580659347,0.0192311606755415
6,103,-0.163528152747501,0.00368415646274232
6,104,-0.148051722703696,0.002383734374171
6,105,-0.0017198460705361,0.0264370531486653
6,106,-0.0527519273183215,0.00709356633393091
6,107,0.0143667232070398,0.0181605470479973
6,108,0.00917193763601931,0.0132220505113154
6,109,0.0197515493501124,0.0445489764049672
6,110,0.673001494794695,0.0419618461171566
6,111,0.0144030204025659,0.0378162097417416
6,112,0.0325477623325799,0.00919664446918166
6,113,-0.0117565868997112,0.011978039164506
6,114,-0.112831190443763,0.00524486965374047
6,115,-0.00455724795002066,0.0125359238102412
6,116,0.0164299310703088,0.0958970350933857
6,117,0.0508649968909569,0.011704754956713
6,118,-0.00717912132917076,0.0789831562483308
6,119,0.431293207778327,0.00545619037126029
6,120,-0.237936160641015,0.00389613944068415
6,121,0.0515290408140295,0.0124918724609067
7,1,0.730972966654592,0.0129887871642927
7,2,-0.0455691087625973,0.00814170167415676
7,3,-0.093895484145365,0.00703674457856583
7,4,0.0206786431012188,0.0108112567058482
7,5,-0.0163333619512198,0.00717027131186363
7,6,0.0640966389995868,0.00621984288998064
7,7,-0.0716998252190588,0.0110518117295211
7,8,0.0549154210722175,0.0241611311067382
7,9,0.0475307612823438,0.00742643861025072
7,10,0.0289758449865039,0.00992656337913868
7,11,-0.143808598846394,0.0063371409097924
7,12,-0.018834155494861,0.0195120343212493
7,13,0.0585185370471674,0.0361542655813212
7,14,0.0397900946475658,0.0180899937396406
7,15,0.0904087299575479,0.00655204705637386
7,16,0.0344518232126828,0.017196242671916
7,17,0.0883255193078325,0.005460633317248
7,18,-0.0613203367244204,0.0122347356815783
7,19,-0.0596608462303772,0.0123959024085017
7,20,0.0154160114830079,0.0970031192613751
7,21,0.0172099539117904,0.0096105288123243
7,22,-0.0321968109931954,0.00959100385771077
7,23,-0.0244408839725361,0.0116174264477111
7,24,-0.0341872696423187,0.00888369979481434
7,25,0.0423950175441151,0.193350458066208
7,26,0.0945014332442711,0.19481385865272
7,27,-0.0637549190961251,0.00319331168397895
7,28,0.708693623029417,0.00769897193324651
7,29,-0.0158341944308995,0.00956201022129487
7,30,0.0267970113652179,0.0290341317067774
7,31,-0.05034954380908,0.00987409478846736
7,32,-0.0545761527203517,0.00644459599040592
7,33,0.014970709401827,0.00405945718919556
7,34,-0.0602914993794716,0.00690601590433023
7,35,0.542124205650262,0.0123192908993754
7,36,0.000590443964908816,0.00927275637757772
7,37,0.0955993599324301,0.011368429052453
7,38,0.0218093870687426,0.00430060400359726
7,39,0.0541649718665479,0.00586305505193628
7,40,0.19287655309901,0.00643195485711777
7,41,-0.0811576437245471,0.00470428676709456
7,42,-0.064907947835265,0.263472859315879
7,43,-0.107692711095815,0.0113761207797182
7,44,-0.133661222803442,0.0242760551037657
7,45,0.000839986626696154,0.0227079498680957
7,46,0.184591093886023,0.00298997603041572
7,47,0.0952573494340605,0.0355310026789912
7,48,0.0179850675062909,0.00704619918975569
7,49,-0.171853649092474,0.00441944720889244
7,50,0.032580456910121,0.0123691974892395
7,51,0.0539400422581369,0.00479553511795487
7,52,-0.0182117442617027,0.0224166104915395
7,53,0.539045401090652,0.00942916116785509
7,54,-0.0426428824526734,0.00949479217154331
7,55,0.0569089561957148,0.0112850512586265
7,56,0.514629257734695,0.00877209928913177
7,57,0.0410432188650602,0.0256194881275098
7,58,0.0300350551956871,0.0107551694734118
7,59,0.129220488196091,0.00568700377972524
7,60,0.0691698660562702,0.0268547756598293
7,61,0.0098231482572011,0.00794248759862939
7,62,-0.0291042469229588,0.00853668455678955
7,63,0.0302107467094533,0.0112008453957697
7,64,0.0183331369786751,0.0291090681776689
7,65,0.0389278363362593,0.0399361644722479
7,66,-0.0957831247028293,0.00466366826667649
7,67,-0.0063828499371319,0.00440773253087012
7,68,0.807348773836233,0.0059196493528652
7,69,0.50605954330632,0.0087592901255194
7,70,0.0708682225591246,0.0176149684207527
7,71,0.0958052788813808,0.0149905446413304
7,72,-0.00771277777577972,0.0860721698443292
7,73,-0.00706558543195257,0.0185225288082945
7,74,-0.0155876264306942,0.0155762670259408
7,75,0.00889210002244967,0.00716461282065378
7,76,-0.0531040321003158,0.0101275899528506
7,77,0.198108193544686,0.095386709764704
7,78,-0.158428797787537,0.00437502489450809
7,79,0.0135299955146847,0.0108321398968181
7,80,-0.0684595940357371,0.00719305704735956
7,81,-0.028708530759685,0.010330581510151
7,82,0.0458477382855194,0.0154351369893829
7,83,0.0371968604447919,0.00640088741755526
7,84,-0.0484722170609235,0.0100779448582596
7,85,-0.1320199824697,0.00820461017480357
7,86,-0.0319775926758274,0.0163731752888267
7,87,-0.00735206784478115,0.00488459565685961
7,88,0.0148735358434677,0.0116966115230465
7,89,0.063574344540458,0.00564545964162733
7,90,-0.0131251567076534,0.0177146323963513
7,91,0.202865517129668,0.013790128192795
7,92,-0.0331497150132318,0.028349599330297
7,93,0.0235314309813186,0.0381155073911146
7,94,-0.00140202710363257,0.0187493840664005
7,95,0.0817952024100368,0.0195739843159195
7,96,-0.00858262061501769,0.0317569376083674
7,97,-0.0109989831200181,0.0102698635001276
7,98,-0.0422179163553396,0.019449408042024
7,99,-0.00503350477282516,0.00633952051058501
7,100,0.0089369627779804,0.0252741747067284
7,101,0.310928986006437,0.00653387377081807
7,102,0.0327200092305449,0.0191599397834939
7,103,-0.129379345140748,0.00357602882531276
7,104,-0.0590273964357415,0.00219889048389524
7,105,0.0154193991347105,0.0259847199557107
7,106,-0.0352993774752688,0.00697596899993857
7,107,0.0156383946044204,0.0181371161748871
7,108,0.00402660241233743,0.0132907121538439
7,109,0.0105247036861944,0.0449683053307122
7,110,0.786187441857612,0.0274373415164496
7,111,0.0143931320677575,0.0378165891456469
7,112,0.0756395268569854,0.0087870122181507
7,113,0.016949993660075,0.0116381861300149
7,114,-0.077230409044073,0.00507708009175109
7,115,0.005477110691675,0.0124107045102226
7,116,0.0203263715808586,0.0955171362898504
7,117,0.0361004886393295,0.0118868312162289
7,118,-0.00791655345226094,0.0790409857995667
7,119,0.441795072161625,0.00535543516293126
7,120,-0.184120792173879,0.00372676707216784
7,121,0.0486177417127642,0.0125302158352782
8,1,0.72300978909967,0.0133732541716643
8,2,-0.048372869676331,0.00816353417163012
8,3,-0.12595151202084,0.00724295265203579
8,4,0.0262742342174495,0.010749483957248
8,5,0.0556035465192811,0.00666275363077529
8,6,0.0254997248147772,0.00647635093586581
8,7,-0.0601872425780632,0.0109330892170463
8,8,0.056580427307883,0.0241185651450767
8,9,0.0583138848858463,0.0073423621884484
8,10,0.0134883498055475,0.0100848885883563
8,11,-0.135515757615542,0.00629119537006185
8,12,-0.0246224628880576,0.0196228881357871
8,13,0.00498370675910531,0.0382100813867806
8,14,0.0394998694153483,0.0180954614739398
8,15,0.0990426453078593,0.00648985448535969
8,16,0.0328892909707812,0.0172240710954586
8,17,-0.0355823259557249,0.00620280096857996
8,18,-0.0540113147501815,0.0121504784136721
8,19,-0.133146114040576,0.0132555323660285
8,20,0.0142773119297842,0.0971153061442134
8,21,0.00704830783756472,0.00970989773935576
8,22,-0.0284846057901667,0.00955651065443435
8,23,-0.00666545389102158,0.01141584844084
8,24,-0.0294877925655026,0.00884333114518139
8,25,0.0426063096226085,0.193307795986424
8,26,0.0984692465616648,0.193960201837398
8,27,-0.0961830522121938,0.00329065848304913
8,28,0.703415626945516,0.00783846473850645
8,29,-0.00668497452934469,0.0094758889480643
8,30,0.0268535828762498,0.0290324439759326
8,31,-0.015348297632398,0.0095450561131996
8,32,-0.125819757486032,0.0068799711393988
8,33,-0.0807111391503537,0.00445377680150353
8,34,-0.0170210331704193,0.00662418158989653
8,35,0.529107570365648,0.0126695075270745
8,36,-0.00907433914336808,0.00936242850314826
8,37,0.10144512175354,0.0112949470959212
8,38,0.0205907312113017,0.00430596181033782
8,39,0.0406547824753235,0.00594680219790438
8,40,0.19522652262968,0.00641322798454963
8,41,-0.0611555194608231,0.00461725438191578
8,42,-0.0544577770418695,0.260887343464606
8,43,-0.0351328242144671,0.0106309231011054
8,44,-0.128427920805779,0.0241639899425743
8,45,-0.00810072601853462,0.0229111458044979
8,46,0.175325730114727,0.00302395066005435
8,47,0.0973448223831241,0.0354490235582997
8,48,0.00870789097005464,0.00711276521806124
8,49,-0.208422229705784,0.00455735940607663
8,50,0.024957223367996,0.0124666663504618
8,51,0.0548857443231552,0.00479074139697893
8,52,-0.0149807945028404,0.0223454789782071
8,53,0.53471512584784,0.00951774009355029
8,54,-0.0460998448020509,0.00952627288234525
8,55,0.0519131155172263,0.011344831614412
8,56,0.510235733480705,0.00885150339743326
8,57,0.0415967996684635,0.0256046986634803
8,58,0.0479467617259325,0.0105565608120136
8,59,0.107576641008606,0.00582835832366488
8,60,0.102061994656149,0.0259058262196328
8,61,-0.00482831294517205,0.00806001109829193
8,62,-0.0191247108198203,0.0084539017366911
8,63,0.199054163109438,0.00925074232257841
8,64,0.0188010020687959,0.0290951947168042
8,65,0.0314301094556144,0.0402477232346326
8,66,-0.0896635690676337,0.00463762335251543
8,67,-0.0398289594196339,0.00455421903429799
8,68,0.806680786757749,0.00594017478296812
8,69,0.511493030659486,0.00866293541013872
8,70,0.0670280583665933,0.0176877722712122
8,71,0.0932121865567298,0.0150335352332282
8,72,-0.00546393873507967,0.0858800888663635
8,73,0.0111102640537887,0.0181882281424939
8,74,-0.0229832120230018,0.0156896945756677
8,75,-0.00667543483597299,0.00727714886222418
8,76,-0.0442442706515895,0.0100423865652481
8,77,0.219911460893901,0.0927931654513445
8,78,-0.0672697084461833,0.00403074539628531
8,79,-0.0132768589276469,0.0111264981603159
8,80,-0.0673079035409865,0.00718530366531695
8,81,-0.027232755080455,0.0103157613541115
8,82,0.0438877315196506,0.0154668436405593
8,83,-0.00990123014198563,0.00671400394474799
8,84,-0.0421823052495598,0.0100174860465079
8,85,-0.146995004249127,0.00831314555223687
8,86,-0.0318117934640665,0.0163705447476442
8,87,-0.0015083251412189,0.00485625966476631
8,88,-0.00335197086251671,0.0119130067570666
8,89,0.00219934951033052,0.00601547305959336
8,90,-0.0109266521314051,0.0176761912421345
8,91,0.203186296363055,0.0137845788321225
8,92,-0.0323504078921721,0.0283276663652149
8,93,0.0153641486479543,0.0384343093679724
8,94,-0.0082800967601957,0.0188781630843533
8,95,-0.110032501806635,0.0236633034782147
8,96,-0.0787516546372053,0.0339663288768024
8,97,-0.0085564519946173,0.0102450519407972
8,98,-0.0411214859512266,0.0194289469446042
8,99,-0.00676906780538822,0.00635046804356784
8,100,0.00556333706352818,0.02536020919949
8,101,0.306992853083573,0.00657119676821729
8,102,0.0323377582316017,0.0191675114340933
8,103,-0.131081040036556,0.003581417014875
8,104,-0.0910196384555928,0.00226531693969109
8,105,0.00547901548870222,0.0262470632164522
8,106,-0.0273212369414149,0.00692221135045843
8,107,0.012208180986141,0.0182003187445103
8,108,0.00942425590898344,0.0132186834640176
8,109,0.0148127174594768,0.0447734296088648
8,110,0.778097183436035,0.0284755180632235
8,111,0.00642949856825958,0.0381221445003786
8,112,0.0646483326324471,0.00889149500462759
8,113,-0.000547169026547278,0.011845332495694
8,114,-0.0770533348962781,0.00507624552597669
8,115,0.00750285489029978,0.0123854251396493
8,116,0.021277598400259,0.0954243926871694
8,117,0.0566266999559264,0.0116337015003681
8,118,-0.00487953958554344,0.0788028226608722
8,119,0.438209369873881,0.00538983650042921
8,120,-0.213969157341978,0.00382070842105868
8,121,0.045197562372862,0.0125752614359828
9,1,0.739045468246531,0.0125990419265846
9,2,-0.0556912939369314,0.00822052172659455
9,3,-0.123740483604136,0.00722872968242873
9,4,0.0129452988950907,0.0108966292639142
9,5,0.00674714276194444,0.00700743745537149
9,6,0.0345301912473851,0.00641633610444772
9,7,-0.0747055577622928,0.0110828080863324
9,8,0.063586034349951,0.0239394664760267
9,9,0.047126168398234,0.00742959323624161
9,10,0.0114650938066287,0.0101055718832072
9,11,-0.154066366427314,0.00639397289955516
9,12,-0.0284047359717183,0.0196953237150447
9,13,0.0754920274816014,0.035502458716124
9,14,0.0490162575747014,0.0179161762975767
9,15,0.0931804468633342,0.006532081583758
9,16,0.0439531369670798,0.0170270259503162
9,17,0.0124268659650865,0.0059152415397607
9,18,-0.0715304112811992,0.012352435832201
9,19,-0.105069620263865,0.0129270938113087
9,20,0.0129800175617211,0.097243118095017
9,21,0.00467234764760749,0.00973313183086229
9,22,-0.0434797177807589,0.00969584278123117
9,23,-0.0223539213904462,0.0115937597484648
9,24,-0.0438453404122703,0.00896666291361873
9,25,0.041413979487715,0.193548539906905
9,26,0.108827501069074,0.191731670944494
9,27,-0.0775721272481662,0.00323478989614963
9,28,0.70400912935109,0.00782277899070254
9,29,-0.0266498192000775,0.009663817302765
9,30,0.0262369572455324,0.0290508401275938
9,31,-0.0621586589218748,0.00998510956700365
9,32,-0.118097521917391,0.00683277996382152
9,33,-0.0540037602897818,0.00434371158602727
9,34,-0.0305959677067298,0.00671259945787233
9,35,0.540511328264924,0.0123626858679241
9,36,-0.00895296898383413,0.00936130240232796
9,37,0.106328112089257,0.0112335672972611
9,38,-0.0135089485531885,0.00445588066805115
9,39,0.0473635548183022,0.00590521576855061
9,40,0.210770046391491,0.0062893618726923
9,41,-0.0928311780275572,0.00475508014886051
9,42,-0.0302696641130737,0.254902871954406
9,43,-0.126080841743893,0.0115649688176897
9,44,-0.154064935824937,0.0247129772209449
9,45,-0.00174747410314202,0.0227667551923205
9,46,0.177299969244926,0.00301671143610996
9,47,0.0997895877876939,0.0353530128683151
9,48,0.0152671408686715,0.00706570098330091
9,49,-0.21654288089794,0.00458798506421522
9,50,0.0295411127591707,0.0124080578247676
9,51,0.0456698870249826,0.00483745616061922
9,52,-0.0231653330315571,0.0225256670513513
9,53,0.531999722260719,0.00957328564645141
9,54,-0.0545663770348221,0.00960337307198519
9,55,0.0512751478511638,0.0113524655516232
9,56,0.514192343454983,0.00877999563538574
9,57,0.0398176175617176,0.0256522312903486
9,58,0.0348177821181288,0.0107021376201769
9,59,0.102323931098288,0.00586266342697616
9,60,0.0863756448162244,0.0263583829112474
9,61,-0.00959333932021678,0.0080982327178181
9,62,-0.0315965142995438,0.0085573585560357
9,63,0.196451666503791,0.009280800566701
9,64,0.0139931269024433,0.0292377611731847
9,65,0.0447543572767704,0.0396940506046543
9,66,-0.105542127223519,0.00470520271755836
9,67,-0.0287684720097536,0.00450577656514537
9,68,0.806207797363514,0.00595470846342917
9,69,0.500650356069225,0.00885521391493751
9,70,0.0657562305886809,0.0177118842504691
9,71,0.093320493441633,0.0150317396253186
9,72,-0.00209582605274861,0.0855924069263882
9,73,-0.00227104247101817,0.0184343448196833
9,74,-0.0191850965375251,0.0156314421320011
9,75,-0.0320139318091346,0.00746031814205146
9,76,-0.0647173506659471,0.0102392740076442
9,77,0.251724080779929,0.0890089876913332
9,78,-0.122199477997726,0.00423819803359593
9,79,-0.00282280033614701,0.0110117051867457
9,80,-0.0805677303500114,0.00727457114085636
9,81,-0.0313199547007528,0.0103568061666733
9,82,0.0440019457552582,0.0154649960189128
9,83,-0.00359907541186133,0.00667210609329917
9,84,-0.0736395717277438,0.0103198541892207
9,85,-0.142083027052687,0.0082775447159368
9,86,-0.0278903326925142,0.0163083275395802
9,87,-0.0251737506070553,0.00497101203202503
9,88,0.0141274279464942,0.0117054702173793
9,89,0.0130298625899813,0.00595017879503236
9,90,-0.0126465131943321,0.0177062632488365
9,91,0.198775657383902,0.013860881235596
9,92,-0.0345698267546404,0.028388567156826
9,93,0.00933381457950255,0.0386696976334523
9,94,-0.0133201703999561,0.0189725290570966
9,95,-0.124896457984369,0.0239801683496019
9,96,-0.0427537632621215,0.0328328740987156
9,97,-0.0242498350785498,0.010404467434599
9,98,-0.0434352505426445,0.0194721253921682
9,99,-0.0124122085380722,0.00638606367918504
9,100,0.00691823286116955,0.0253256565304741
9,101,0.326734447649518,0.00638400403436395
9,102,0.0320041301016075,0.0191741199600029
9,103,-0.154469163703234,0.00365547238410225
9,104,-0.0922115198484736,0.00226779167892971
9,105,0.00649664231776814,0.0262202063515602
9,106,-0.0485650926111465,0.00706535494912708
9,107,0.013065262981157,0.0181845267879469
9,108,0.00228179538383633,0.0133139956351457
9,109,0.0193008256374907,0.0445694602731391
9,110,0.772334689074492,0.0292149859745469
9,111,0.0227277546496439,0.037496799371328
9,112,0.0434753740526682,0.00909276610085082
9,113,0.0014781291508692,0.0118213552849666
9,114,-0.107874091410061,0.0052215064172355
9,115,-0.00333759567148917,0.0125207037040005
9,116,0.0201870093406933,0.0955307239599697
9,117,0.0511744418630208,0.0117009388741128
9,118,-0.00969306821848259,0.0791803003866014
9,119,0.437649691179635,0.00539520607495216
9,120,-0.219936232437521,0.0038394885143821
9,121,0.0512637660095137,0.0124953662727024
10,1,0.74349595643121,0.012384169677171
10,2,-0.0442766294366372,0.00813163731685719
10,3,-0.106268076808358,0.0071163342428491
10,4,0.0196823500060371,0.0108222553227275
10,5,0.0171956467939001,0.00693372285392577
10,6,0.049813761231274,0.00631476428831897
10,7,-0.0653347083178912,0.0109861720121555
10,8,0.0646373586036773,0.0239125893227048
10,9,0.0585196111007007,0.00734075813338496
10,10,0.0290360346783435,0.00992594807334249
10,11,-0.117710748906474,0.00619254875278406
10,12,-0.0250301072467156,0.0196306950695006
10,13,0.0674236547559361,0.0358122960329607
10,14,0.0469517741229668,0.0179550703899093
10,15,0.100099044297111,0.00648224494015422
10,16,0.0424155555723441,0.017054410003673
10,17,0.0611163365168337,0.0056236074634266
10,18,-0.0583256001190033,0.0122002128240249
10,19,-0.0511612573809013,0.0122964742997202
10,20,0.0161805160236593,0.0969277987950689
10,21,0.0145141339833776,0.00963689075524178
10,22,-0.0417308080179855,0.00967959219790936
10,23,-0.0196161952574574,0.011562713221055
10,24,-0.040312402684489,0.00893631487212888
10,25,0.0414493102006506,0.193541406266568
10,26,0.102644281142041,0.193061962318891
10,27,-0.0678853286228307,0.00320571086048518
10,28,0.725509345636125,0.00725454713989781
10,29,-0.0220144076645987,0.00962018434305056
10,30,0.0257081491775532,0.029066616366747
10,31,-0.0451136181704133,0.00982487305426822
10,32,-0.050531950995186,0.00641988156257141
10,33,0.00462296382115202,0.00410210184006064
10,34,-0.0269109262719969,0.00668859761048294
10,35,0.52889337408293,0.0126752705447945
10,36,0.00169721241184095,0.00926248752021807
10,37,0.0962853377439051,0.0113598062256484
10,38,0.0384142307406239,0.00422760099556347
10,39,0.0619862395964036,0.00581457247102937
10,40,0.205756269976042,0.00632931658307976
10,41,-0.0741601933390279,0.00467383976110699
10,42,-0.0390635945283371,0.257078611177542
10,43,-0.030632276804099,0.0105847020053066
10,44,-0.122318038112191,0.024033153810965
10,45,0.00389965441789453,0.0226384126749679
10,46,0.198310466255015,0.00293966925276336
10,47,0.101106112839121,0.0353013103702623
10,48,0.0222762878665086,0.00701540862596208
10,49,-0.180802898176902,0.00445319778339335
10,50,0.033000883634336,0.012363822012572
10,51,0.0540029849288106,0.00479521606440529
10,52,-0.0197439243416568,0.0224503424576544
10,53,0.540180656970806,0.00940593868415268
10,54,-0.0451977633106526,0.00951805810773088
10,55,0.0654263705697371,0.011183131663023
10,56,0.519987113342244,0.00867526683246803
10,57,0.041590762617098,0.0256048599493368
10,58,0.0429200483129385,0.0106122980373026
10,59,0.125646729887373,0.00571034376043678
10,60,0.0508675322588317,0.0273828044056319
10,61,0.000706298833274999,0.00801561641734561
10,62,-0.0264187074833637,0.00851440731604433
10,63,0.109181001975047,0.0102887569011889
10,64,0.0181628101388788,0.0291141188275165
10,65,0.0430446152671183,0.0397650968181272
10,66,-0.0904475970812013,0.00464096018667963
10,67,-0.00172226399771613,0.00438732020343492
10,68,0.808138328385103,0.00589538848431356
10,69,0.498079763505943,0.00890079950273692
10,70,0.0744751968650692,0.0175465855066857
10,71,0.104924850633169,0.0148393522662125
10,72,-0.00133598472784868,0.0855275062989337
10,73,0.00266792717294251,0.0183435044525444
10,74,-0.0158939981680977,0.0155809659094904
10,75,0.00980381062822233,0.00715802216236623
10,76,-0.0504078457025905,0.0101016610137901
10,77,0.16763407071604,0.0990116704965505
10,78,-0.0694109310679323,0.00403883212746182
10,79,0.012861240524789,0.0108394833006462
10,80,-0.0726488517889365,0.00722125986398741
10,81,-0.0276292882109663,0.0103197434517648
10,82,0.0452871697377472,0.0154442051985923
10,83,0.0139586754239216,0.0065553790264792
10,84,-0.0510277395007248,0.0101025086128478
10,85,-0.118511008110854,0.00810670035855285
10,86,-0.027668214122837,0.0163048034453537
10,87,-0.00102442901423183,0.00485391327863608
10,88,0.0171967049143152,0.0116690280531949
10,89,0.0298943822441838,0.00584850711984047
10,90,-0.0136010687169521,0.0177229537831433
10,91,0.204930877648497,0.0137543982288667
10,92,-0.0318044593917239,0.0283126855536077
10,93,0.0190925453358629,0.038288775004631
10,94,-0.00847871085434004,0.0188818817625977
10,95,0.0634222146765779,0.0199656535542803
10,96,-0.0244070012674626,0.0322551951222282
10,97,-0.00748147500970031,0.0102341321801592
10,98,-0.0432876634882327,0.019469371188083
10,99,0.0113151176831496,0.00623639715510753
10,100,0.00882850236840582,0.02527694067341
10,101,0.338345936417295,0.00627390217206062
10,102,0.0335422099970782,0.0191436535816422
10,103,-0.131631045546287,0.00358315853384765
10,104,-0.00344539916100306,0.00208348390867854
10,105,0.0072629516342384,0.0261999821739049
10,106,-0.0333812038582715,0.00696304412044979
10,107,0.0149790038873069,0.018149265618725
10,108,0.00496333601640264,0.0132782119638522
10,109,0.0166535050650309,0.0446897720386315
10,110,0.808158588619795,0.0246179100365615
10,111,0.0255790273570595,0.0373873993539105
10,112,0.0737095276592143,0.00880535887729999
10,113,0.0097576481381767,0.0117233352631774
10,114,-0.0928354374930509,0.00515062794057186
10,115,0.00322149361601076,0.0124388524767653
10,116,0.0242048493485936,0.0951389888346253
10,117,0.0472898904337812,0.0117488432527808
10,118,-0.00501090258554515,0.0788131241694467
10,119,0.445448003555235,0.00532038882733391
10,120,-0.180952313619761,0.00371679496322219
10,121,0.0500376805815371,0.0125115144769717
11,1,0.715400532954688,0.0137406336402505
11,2,-0.0495421578127364,0.00817263925621799
11,3,-0.107205843148393,0.00712236664933111
11,4,0.0207682562854825,0.0108102674175697
11,5,0.0198017116699184,0.00691533696508562
11,6,0.0456662278680879,0.00634232803792704
11,7,-0.0633456979055806,0.0109656605143577
11,8,0.0550605905823029,0.0241574198414778
11,9,0.0485496438967982,0.00741849434404273
11,10,0.0133924923974782,0.0100858685172609
11,11,-0.131872799176703,0.00627101197488654
11,12,-0.0231862228237127,0.0195953822210336
11,13,0.0333309647315977,0.0371215052081002
11,14,0.0418378190690706,0.018051415381139
11,15,0.0990705700735903,0.00648965333525509
11,16,0.0358328370827251,0.01717164705855
11,17,0.0210344626353632,0.00586368483815877
11,18,-0.0550230087801353,0.012162141065012
11,19,-0.154717642644091,0.0135078759005873
11,20,0.0125863806385147,0.0972818999661959
11,21,0.0118233635711424,0.00966320331983995
11,22,-0.0284942171191533,0.00955659996133048
11,23,-0.0143138760872303,0.0115025835406351
11,24,-0.0286588864910287,0.00883621081703592
11,25,0.0422648254450013,0.193376745212225
11,26,0.0940707743733135,0.194906512931252
11,27,-0.0616720518634262,0.00318705907433085
11,28,0.764144090574573,0.00623346473166999
11,29,-0.0127013726945793,0.00953252108455542
11,30,0.025680428212519,0.0290674433824459
11,31,-0.0320048146035581,0.00970164020312314
11,32,-0.0991878759816776,0.00671722166292222
11,33,-0.0257246089187577,0.00422716885432054
11,34,-0.0532321693826419,0.00686003624188783
11,35,0.530731592444821,0.0126258127070661
11,36,-0.00193894685653717,0.00929622465915389
11,37,0.101525873815366,0.0112939320324139
11,38,0.0319485501195756,0.00425602728753282
11,39,0.0476460361401692,0.00590346471948605
11,40,0.214542393298787,0.00625930009576552
11,41,-0.0716208544761812,0.00466279069876257
11,42,-0.0862038974116832,0.268741769871155
11,43,-0.216474050950482,0.0124933165943787
11,44,-0.129309929827405,0.0241828771543624
11,45,-0.00556383673258209,0.0228534898195152
11,46,0.172500993710863,0.00303430852354648
11,47,0.0932644854568838,0.0356092663214398
11,48,0.0185579874168987,0.00704208834818257
11,49,-0.192659150725158,0.00449791162822619
11,50,0.033003176894542,0.0123637926914894
11,51,0.0488415191271691,0.00482137930100498
11,52,-0.0171853275483587,0.0223940132431826
11,53,0.535542728821315,0.00950081087353956
11,54,-0.0452332077401321,0.00951838088123004
11,55,0.0575691328485849,0.011277151568118
11,56,0.510854842258637,0.00884031425231617
11,57,0.0407159969662022,0.0256282301873375
11,58,0.0379649618095347,0.0106672410487846
11,59,0.114308761862561,0.00578439128468081
11,60,0.0991845689068198,0.025988840961161
11,61,-0.00121406587991424,0.00803102020394445
11,62,-0.0199909412361565,0.00846108734090939
11,63,0.119089448365646,0.0101743165980439
11,64,0.0177746635991369,0.0291256284185131
11,65,0.0428096000930922,0.0397748625828619
11,66,-0.0866351453341436,0.0046247343388543
11,67,-0.0335658512770822,0.00452678801686163
11,68,0.808021233787501,0.00589898648352032
11,69,0.502753857726864,0.00881791148091115
11,70,0.0690932264952537,0.0176486197287493
11,71,0.0825240397893828,0.0152107328406759
11,72,-0.0131384827700196,0.0865355977298227
11,73,0.0105355585170223,0.0181987984568955
11,74,-0.0147216024304133,0.0155629846456438
11,75,0.00389411987774346,0.00720074268363131
11,76,-0.0381744187990651,0.00998401344278048
11,77,0.199456711067326,0.0952263007812112
11,78,-0.158781260480655,0.00437635603636137
11,79,-0.00131007972189101,0.0109950944421271
11,80,-0.0675489274006957,0.00718692628013771
11,81,-0.0259431797718255,0.0103028110747652
11,82,0.0460165033335479,0.0154324069097721
11,83,-0.000444930507943697,0.00665113677402798
11,84,-0.051636068764872,0.0101083558910874
11,85,-0.138263793767773,0.00824986382623996
11,86,-0.0273431462126406,0.0162996459749666
11,87,0.000589243403072648,0.00484608866842008
11,88,0.00329488390095423,0.0118340872671867
11,89,0.0346895839173783,0.00581959813239266
11,90,-0.0104362156114144,0.0176676158922798
11,91,0.201201524756202,0.0138189146380374
11,92,-0.0432519056765375,0.0286268031600046
11,93,0.0202386088887743,0.0382440395208606
11,94,-0.00694395953356941,0.0188531464083836
11,95,0.200566427667783,0.0170420588604223
11,96,-0.0518311409322574,0.0331186907590724
11,97,-0.0141921407033199,0.0103023000238654
11,98,-0.0448415490149439,0.0194983691099046
11,99,-0.0023062474931792,0.00632231759806533
11,100,0.00997918302392342,0.0252475959164905
11,101,0.314332395194182,0.00650160213905361
11,102,0.0326811636793201,0.0191607092384908
11,103,-0.137546224133828,0.00360188815665059
11,104,-0.0867088856048062,0.00225636639369584
11,105,0.0124580957636024,0.0260628736779499
11,106,-0.02809687967154,0.00692743772242204
11,107,0.013907916847953,0.0181690006733631
11,108,0.00816945532709612,0.0132354280812781
11,109,0.0123549639024225,0.0448851261947149
11,110,0.627083274602766,0.0478542684340651
11,111,0.0171541111236375,0.0377106535906167
11,112,0.0728349531691865,0.0088136726217242
11,113,0.00418538234826937,0.0117893045078859
11,114,-0.0819583651989046,0.00509936335804847
11,115,0.00498872095751246,0.0124167991519263
11,116,0.0218718485345728,0.0953664539314216
11,117,0.0531128295214923,0.0116770346323778
11,118,-0.0103883337321939,0.0792348232252312
11,119,0.435428863029297,0.00541651276820047
11,120,-0.201947037259274,0.00378287136798269
11,121,0.0473111763357674,0.0125474240037447
