"Date","X1","Y1","X1","Y1","X1","Y1","X1","Y1","X1","Y1"
"2000-04",0.0172186896404867,-0.0234376255332941,-0.0517090288012442,-0.0391369977387258,1,0.956975582198285,0.573895045509058,0.67870227010556,1,0.915802264923747
"2000-05",-0.0234376255332941,0,-0.0391369977387258,-0.0679636362335795,0.956975582198285,0.95477103660206,0.67870227010556,0.643989093413068,0.915802264923747,0.911587732334173
"2000-06",0,0.0433330904423994,-0.0679636362335795,-0.0100294992797176,0.95477103660206,0.947513889380288,0.643989093413068,0.63985346026587,0.911587732334173,0.897782570568561
"2000-07",0.0433330904423994,-0.00319483635430395,-0.0100294992797176,-0.00469698871460167,0.947513889380288,0.916928082175479,0.63985346026587,0.64266802304448,0.897782570568561,0.840757107882002
"2000-08",-0.00319483635430395,0.0711540081893434,-0.00469698871460167,0.0335277601879835,0.916928082175479,0.914900916158287,0.64266802304448,0.659026332566022,0.840757107882002,0.837043686387274
"2000-09",0.0711540081893434,0.0245361067154792,0.0335277601879835,0.00599923451823914,0.914900916158287,0.911475821433976,0.659026332566022,0.658153768851653,0.837043686387274,0.830788173058741
"2000-10",0.0245361067154792,-0.102824434014668,0.00599923451823914,-0.053598261770555,0.911475821433976,0.826032784966371,0.658153768851653,0.78674468688623,0.830788173058741,0.682330161839299
"2000-11",-0.102824434014668,0.00719030159545042,-0.053598261770555,-0.110835547927152,0.826032784966371,0.758328467063617,0.78674468688623,0.642244580702079,0.682330161839299,0.575062063959055
"2000-12",0.00719030159545042,0.0285527813658906,-0.110835547927152,-0.0113624537100724,0.758328467063617,0.757640712571972,0.642244580702079,0.642658606353467,0.575062063959055,0.574019449346565
"2001-01",0.0285527813658906,0.0893378266303639,-0.0113624537100724,0.110452502919571,0.757640712571972,0.788385934486225,0.642658606353467,0.627145193500825,0.574019449346565,0.621552381695718
"2001-02",0.0893378266303639,-0.0593022648411071,0.110452502919571,-0.0558125894048852,0.788385934486225,0.790723659720134,0.627145193500825,0.664309588076976,0.621552381695718,0.625243906041203
"2001-03",-0.0593022648411071,-0.0451171762827013,-0.0558125894048852,-0.0254518525607365,0.790723659720134,0.777941884236564,0.664309588076976,0.677279878167674,0.625243906041203,0.605193575249536
"2001-04",-0.0451171762827013,0.0444904317274089,-0.0254518525607365,0.0486340878306037,0.777941884236564,0.781767441984078,0.677279878167674,0.671471701505318,0.605193575249536,0.611160333346329
"2001-05",0.0444904317274089,0.00499378584435184,0.0486340878306037,-0.026667356327313,0.781767441984078,0.782046849958682,0.671471701505318,0.670202086569115,0.611160333346329,0.611597275530298
"2001-06",0.00499378584435184,-0.0509315517071479,-0.026667356327313,-0.0655003794440515,0.782046849958682,0.793231252810414,0.670202086569115,0.689961360793196,0.611597275530298,0.629215820435179
"2001-07",-0.0509315517071479,-0.07900689679753,-0.0655003794440515,-0.0448730365255443,0.793231252810414,0.781515339913889,0.689961360793196,0.719327848311695,0.629215820435179,0.610766226520721
"2001-08",-0.07900689679753,0.0150108318873716,-0.0448730365255443,-0.0187382730326477,0.781515339913889,0.77986725949689,0.719327848311695,0.718018314965646,0.610766226520721,0.60819294243519
"2001-09",0.0150108318873716,-0.211267539193585,-0.0187382730326477,-0.12102958209191,0.77986725949689,0.789457889940787,0.718018314965646,0.886317812592932,0.60819294243519,0.62324375998976
"2001-10",-0.211267539193585,0.118114312431485,-0.12102958209191,0.0629340685465047,0.789457889940787,0.805035149746069,0.886317812592932,0.929087431297958,0.62324375998976,0.648081592326677
"2001-11",0.118114312431485,0.105390291953424,0.0629340685465047,0.0759425314428377,0.805035149746069,0.820096686424313,0.929087431297958,0.947010678910604,0.648081592326677,0.672558575084138
"2001-12",0.105390291953424,0.0116450877764127,0.0759425314428377,0.00393312944431146,0.820096686424313,0.819918167171678,0.947010678910604,0.946094170653802,0.672558575084138,0.672265800858163
"2002-01",0.0116450877764127,-0.0441435564800905,0.00393312944431146,-0.0413450983953847,0.819918167171678,0.821852083270789,0.946094170653802,0.95219361527105,0.672265800858163,0.675440846776535
"2002-02",-0.0441435564800905,0.0106061748856547,-0.0413450983953847,0.010570926467693,0.821852083270789,0.821133225391691,0.95219361527105,0.949541655333177,0.675440846776535,0.674259773842161
"2002-03",0.0106061748856547,-0.00599697792661358,0.010570926467693,0.0140372224880048,0.821133225391691,0.816666214401174,0.949541655333177,0.94228685116324,0.674259773842161,0.666943705744344
"2002-04",-0.00599697792661358,-0.0143907134262981,0.0140372224880048,-0.0115519235804749,0.816666214401174,0.816103019440771,0.94228685116324,0.942736585053187,0.666943705744344,0.666024138340344
"2002-05",-0.0143907134262981,-0.00231852498125373,-0.0115519235804749,-0.0250784511844593,0.816103019440771,0.815732924987552,0.942736585053187,0.941210403151909,0.666024138340344,0.665420204908747
"2002-06",-0.00231852498125373,-0.113090833579497,-0.0250784511844593,-0.130429308229972,0.815732924987552,0.833509856294355,0.941210403151909,0.94340892595392,0.665420204908747,0.694738680539836
"2002-07",-0.113090833579497,-0.150620693001582,-0.130429308229972,-0.0960075746178258,0.833509856294355,0.84016360279973,0.94340892595392,0.990148543796705,0.694738680539836,0.705874879469423
"2002-08",-0.150620693001582,0.037305927658549,-0.0960075746178258,0.0298274343982481,0.84016360279973,0.841970539556782,0.990148543796705,0.989295358328401,0.705874879469423,0.708914389481538
"2002-09",0.037305927658549,-0.244755470035031,0.0298274343982481,-0.156004783198806,0.841970539556782,0.862064849782855,0.989295358328401,1.08473902341079,0.708914389481538,0.743155805231136
"2002-10",-0.244755470035031,0.288504033559102,-0.156004783198806,0.130290591311072,0.862064849782855,0.873606539818236,1.08473902341079,1.20564551938308,0.743155805231136,0.76318838641319
"2002-11",0.288504033559102,0.0904367890551838,0.130290591311072,0.0889663941830574,0.873606539818236,0.875530334553832,1.20564551938308,1.18766544013396,0.76318838641319,0.766553366723946
"2002-12",0.0904367890551838,-0.130600786506691,0.0889663941830574,-0.0970294903738251,0.875530334553832,0.880677915905208,1.18766544013396,1.20078033582182,0.766553366723946,0.77559359156314
"2003-01",-0.130600786506691,-0.106929830452459,-0.0970294903738251,-0.0147756818870426,0.880677915905208,0.867943734821368,1.20078033582182,1.20122890797132,0.77559359156314,0.753326326815665
"2003-02",-0.106929830452459,-0.0198264240806916,-0.0147756818870426,0.0086923947518398,0.867943734821368,0.865414995805913,1.20122890797132,1.19638636585403,0.753326326815665,0.748943114965748
"2003-03",-0.0198264240806916,-0.0353981004528727,0.0086923947518398,-0.021485486937605,0.865414995805913,0.865182768709841,1.19638636585403,1.19718851082057,0.748943114965748,0.748541223272426
"2003-04",-0.0353981004528727,0.192568807882581,-0.021485486937605,0.105442488637396,0.865182768709841,0.875170241242817,1.19718851082057,1.23113395288028,0.748541223272426,0.76592295115701
"2003-05",0.192568807882581,-0.0687361951873264,0.105442488637396,0.00292773407858848,0.875170241242817,0.866959097994558,1.23113395288028,1.2256571685587,0.76592295115701,0.751618077595537
"2003-06",-0.0687361951873264,0.0892861088368155,0.00292773407858848,0.0543136469669965,0.866959097994558,0.869696138487137,1.2256571685587,1.23018549640021,0.751618077595537,0.756371373299437
"2003-07",0.0892861088368155,0.0746833209431941,0.0543136469669965,0.0291022888330921,0.869696138487137,0.870409612578689,1.23018549640021,1.23567286906664,0.756371373299437,0.757612893669383
"2003-08",0.0746833209431941,0.0010268626883303,0.0291022888330921,0.00702375624094764,0.870409612578689,0.870014943988362,1.23567286906664,1.23447094093818,0.757612893669383,0.756926002763072
"2003-09",0.0010268626883303,-0.0912819986088278,0.00702375624094764,-0.0573312403996532,0.870014943988362,0.871574648403773,1.23447094093818,1.24145159309936,0.756926002763072,0.759642367740161
"2003-10",-0.0912819986088278,0.124729729955218,-0.0573312403996532,0.0635330034855519,0.871574648403773,0.874802385290349,1.24145159309936,1.25397749653195,0.759642367740161,0.765279213309685
"2003-11",0.124729729955218,0.0131711848957761,0.0635330034855519,0.0172522794529026,0.874802385290349,0.874446937394956,1.25397749653195,1.25199948289427,0.765279213309685,0.764657446319417
"2003-12",0.0131711848957761,0.0950002024529146,0.0172522794529026,0.0668321539503021,0.874446937394956,0.877073249572813,1.25199948289427,1.25281736550339,0.764657446319417,0.769257485116213
"2004-01",0.0950002024529146,-0.0140087320848579,0.0668321539503021,0.0249056372773302,0.877073249572813,0.87347066770999,1.25281736550339,1.24558182218046,0.769257485116213,0.762951007349736
"2004-02",-0.0140087320848579,0.0364145324612,0.0249056372773302,0.0402905245240286,0.87347066770999,0.873234851570949,1.24558182218046,1.24131163583041,0.762951007349736,0.762539105998138
"2004-03",0.0364145324612,-0.0297299397809093,0.0402905245240286,-0.0280384076619287,0.873234851570949,0.873553475890125,1.24131163583041,1.24155628301455,0.762539105998138,0.763095675239719
"2004-04",-0.0297299397809093,0.0222844234325443,-0.0280384076619287,0.0113992087717645,0.873553475890125,0.873668781738881,1.24155628301455,1.24161561837051,0.763095675239719,0.763297140185101
"2004-05",0.0222844234325443,-0.0163489610836436,0.0113992087717645,-0.0185215301875171,0.873668781738881,0.873779149401462,1.24161561837051,1.24165722086051,0.763297140185101,0.763490001928743
"2004-06",-0.0163489610836436,0.0138505573391792,-0.0185215301875171,0.0149510794951533,0.873779149401462,0.873636843088127,1.24165722086051,1.24066182435451,0.763490001928743,0.763241333600989
"2004-07",0.0138505573391792,0.0165437507642578,0.0149510794951533,-0.0196823191688325,0.873636843088127,0.87224362804215,1.24066182435451,1.23821557180365,0.763241333600989,0.760808946660133
"2004-08",0.0165437507642578,-0.0117540260501235,-0.0196823191688325,-0.00628841627971644,0.87224362804215,0.872139383507479,1.23821557180365,1.23834750384046,0.760808946660133,0.760627104264806
"2004-09",-0.0117540260501235,0.0137237779654171,-0.00628841627971644,0.0202935212623909,0.872139383507479,0.871728694048282,1.23834750384046,1.23633986873325,0.760627104264806,0.759910916027123
"2004-10",0.0137237779654171,0.119580117991142,0.0202935212623909,0.0484605581987358,0.871728694048282,0.872383076986001,1.23633986873325,1.24825740758448,0.759910916027123,0.761052233011563
"2004-11",0.119580117991142,0.00650416511333729,0.0484605581987358,0.0326313493798962,0.872383076986001,0.870202902125691,1.24825740758448,1.24180321671563,0.761052233011563,0.757253090867975
"2004-12",0.00650416511333729,0.0541193976199366,0.0326313493798962,0.0446106288707127,0.870202902125691,0.870828523794057,1.24180321671563,1.24008327528316,0.757253090867975,0.758342317853336
"2005-01",0.0541193976199366,-0.00235748803663427,0.0446106288707127,0.0157584960526869,0.870828523794057,0.869817551838577,1.24008327528316,1.23797868533916,0.758342317853336,0.756582573486456
"2005-02",-0.00235748803663427,0.0116101676255314,0.0157584960526869,0.0181159573729226,0.869817551838577,0.869454141089697,1.23797868533916,1.23655714517797,0.756582573486456,0.755950503458023
"2005-03",0.0116101676255314,-0.0390207508509022,0.0181159573729226,-0.0140773434976634,0.869454141089697,0.869097476585852,1.23655714517797,1.2381982460773,0.755950503458023,0.755330423807895
"2005-04",-0.0390207508509022,-0.0379273173245649,-0.0140773434976634,-0.0277789233436427,0.869097476585852,0.869539217901315,1.2381982460773,1.2392990044552,0.755330423807895,0.75609845146843
"2005-05",-0.0379273173245649,0.0661089919794613,-0.0277789233436427,0.0472693140502833,0.869539217901315,0.870653576944385,1.2392990044552,1.23965720309275,0.75609845146843,0.758037651046052
"2005-06",0.0661089919794613,0.00156950994159999,0.0472693140502833,0.0377741797139644,0.870653576944385,0.867531686552539,1.23965720309275,1.23143384841291,0.758037651046052,0.752611227172693
"2005-07",0.00156950994159999,0.0999850338951722,0.0377741797139644,0.0339765863141968,0.867531686552539,0.86683046992601,1.23143384841291,1.23896863201978,0.752611227172693,0.751395063592147
"2005-08",0.0999850338951722,-0.0330697453575642,0.0339765863141968,-0.0105479977340051,0.86683046992601,0.866507915143669,1.23896863201978,1.24019506469819,0.751395063592147,0.750835967006628
"2005-09",-0.0330697453575642,0.0847584022094454,-0.0105479977340051,0.0804283964725112,0.866507915143669,0.867831496628021,1.24019506469819,1.23351578138461,0.750835967006628,0.75313150653963
"2005-10",0.0847584022094454,0.0162795341935076,0.0804283964725112,-0.0296008740928618,0.867831496628021,0.865211229145327,1.23351578138461,1.22742302239998,0.75313150653963,0.748590471039167
"2005-11",0.0162795341935076,0.0210739777303908,-0.0296008740928618,0.00609884567136065,0.865211229145327,0.865195812756557,1.22742302239998,1.2275744748847,0.748590471039167,0.74856379441148
"2005-12",0.0210739777303908,0.00399502152968312,0.00609884567136065,0.0166796840602725,0.865195812756557,0.86461017899769,1.2275744748847,1.22617380027789,0.74856379441148,0.747550761626417
"2006-01",0.00399502152968312,0.110376247724661,0.0166796840602725,0.0345073826573126,0.86461017899769,0.863218572339456,1.22617380027789,1.23451504935157,0.747550761626417,0.745146303631769
"2006-02",0.110376247724661,0.0276772962259395,0.0345073826573126,0.0573112283921144,0.863218572339456,0.860527416094984,1.23451504935157,1.22352784007468,0.745146303631769,0.74050743385111
"2006-03",0.0276772962259395,0.00819696600155617,0.0573112283921144,0.00967571957996971,0.860527416094984,0.860423932914323,1.22352784007468,1.22326609093534,0.74050743385111,0.740329344331751
"2006-04",0.00819696600155617,0.0280225103843703,0.00967571957996971,0.00322247907555218,0.860423932914323,0.860140856332668,1.22326609093534,1.22329046294047,0.740329344331751,0.739842292732695
"2006-05",0.0280225103843703,-0.0765278229190175,0.00322247907555218,-0.0464158540202472,0.860140856332668,0.861583732606777,1.22329046294047,1.228328133881,0.739842292732695,0.742326528292626
"2006-06",-0.0765278229190175,-0.00556563812795796,-0.0464158540202472,0.0183060556323875,0.861583732606777,0.860355403035512,1.228328133881,1.22618191247422,0.742326528292626,0.740211419532398
"2006-07",-0.00556563812795796,0.0429968030157173,0.0183060556323875,0.0233718684150397,0.860355403035512,0.860617120666008,1.22618191247422,1.2269407100135,0.740211419532398,0.74066182838345
"2006-08",0.0429968030157173,0.0721151534361846,0.0233718684150397,0.0276442327556146,0.860617120666008,0.860578075920554,1.2269407100135,1.23018236634319,0.74066182838345,0.740594624755123
"2006-09",0.0721151534361846,0.0229820060489796,0.0276442327556146,0.0650490183464993,0.860578075920554,0.856261300164375,1.23018236634319,1.21502499366854,0.740594624755123,0.733183414159185
"2006-10",0.0229820060489796,0.0439920281992576,0.0650490183464993,0.0632639039887899,0.856261300164375,0.855022298274208,1.21502499366854,1.20637576666244,0.733183414159185,0.731063130546109
"2006-11",0.0439920281992576,-0.0354121624016575,0.0632639039887899,0.0070021013901953,0.855022298274208,0.853008983310639,1.20637576666244,1.20591915686804,0.731063130546109,0.72762432560865
"2006-12",-0.0354121624016575,-0.000547773100210369,0.0070021013901953,0.021459533430092,0.853008983310639,0.851999328959547,1.20591915686804,1.20394906999169,0.72762432560865,0.725902856547519
"2007-01",-0.000547773100210369,0.0518123281635203,0.021459533430092,0.0287492041454367,0.851999328959547,0.852347439827427,1.20394906999169,1.20519751677783,0.725902856547519,0.72649615818037
"2007-02",0.0518123281635203,-0.0325457979882422,0.0287492041454367,-0.0209438547805054,0.852347439827427,0.852761865187935,1.20519751677783,1.20629798273814,0.72649615818037,0.727202798718806
"2007-03",-0.0325457979882422,-0.00271299168879113,-0.0209438547805054,0.0276031132090278,0.852761865187935,0.851048564178305,1.20629798273814,1.20284312360588,0.727202798718806,0.724283658589954
"2007-04",-0.00271299168879113,-0.0272472713370091,0.0276031132090278,-0.0182424752315834,0.851048564178305,0.851378726259497,1.20284312360588,1.20359533907952,0.724283658589954,0.724845735527243
"2007-05",-0.0272472713370091,0.0640226597187763,-0.0182424752315834,0.0664227737553564,0.851378726259497,0.851915694158026,1.20359533907952,1.199195052493,0.724845735527243,0.725760349952751
"2007-06",0.0640226597187763,-0.0308840235560983,0.0664227737553564,-0.028533396528955,0.851915694158026,0.852409737519457,1.199195052493,1.19913883658415,0.725760349952751,0.726602360617989
"2007-07",-0.0308840235560983,0.00449699702181894,-0.028533396528955,-0.00601663292433996,0.852409737519457,0.852329743898708,1.19913883658415,1.19877328093366,0.726602360617989,0.726465992334437
"2007-08",0.00449699702181894,-0.0683945272305436,-0.00601663292433996,-0.0217938237495104,0.852329743898708,0.851882728576226,1.19877328093366,1.2032870121164,0.726465992334437,0.725704183246476
"2007-09",-0.0683945272305436,-0.0266431722783824,-0.0217938237495104,0.00667828937163195,0.851882728576226,0.850733125059824,1.2032870121164,1.20300749723129,0.725704183246476,0.723746850074053
"2007-10",-0.0266431722783824,0.0659187497269085,0.00667828937163195,0.0901451201538543,0.850733125059824,0.849642835015042,1.20300749723129,1.18917084950476,0.723746850074053,0.721892947092398
"2007-11",0.0659187497269085,-0.02072571085689,0.0901451201538543,-0.00821873054923794,0.849642835015042,0.849725122595667,1.18917084950476,1.18980384708498,0.721892947092398,0.722032783970222
"2007-12",-0.02072571085689,-0.0146969891318222,-0.00821873054923794,-0.0366500513504607,0.849725122595667,0.849070973809619,1.18980384708498,1.18564860807909,0.722032783970222,0.720921518566015
"2008-01",-0.0146969891318222,-0.152273340505514,-0.0366500513504607,-0.128656388488356,0.849070973809619,0.856469201074827,1.18564860807909,1.18636217387224,0.720921518566015,0.733539492389753
"2008-02",-0.152273340505514,-0.0220325088809972,-0.128656388488356,-0.00442963715597899,0.856469201074827,0.856330432045372,1.18636217387224,1.18686927256878,0.733539492389753,0.733301808847013
"2008-03",-0.0220325088809972,0.0138086014965695,-0.00442963715597899,0.00748646273496512,0.856330432045372,0.856336763600135,1.18686927256878,1.18691331988974,0.733301808847013,0.733312652693153
"2008-04",0.0138086014965695,0.0793290500130572,0.00748646273496512,0.0398899954825933,0.856336763600135,0.856869427127558,1.18691331988974,1.19062625188,0.733312652693153,0.734225215145909
"2008-05",0.0793290500130572,-0.0297901224037632,0.0398899954825933,-0.0143060820860267,0.856869427127558,0.857008437690412,1.19062625188,1.19153083962835,0.734225215145909,0.73446346227256
"2008-06",-0.0297901224037632,-0.150732574058431,-0.0143060820860267,-0.114308594309826,0.857008437690412,0.863121364077257,1.19153083962835,1.19773802853376,0.73446346227256,0.744978489126585
"2008-07",-0.150732574058431,-0.0143336335226915,-0.114308594309826,-0.0136890096768647,0.863121364077257,0.863210875716816,1.19773802853376,1.19771529637872,0.744978489126585,0.745133015955792
"2008-08",-0.0143336335226915,-0.022823438392514,-0.0136890096768647,-0.0146448767794751,0.863210875716816,0.863349183413715,1.19771529637872,1.19809473112655,0.745133015955792,0.745371812501129
"2008-09",-0.022823438392514,-0.00865061568394832,-0.0146448767794751,-0.0614829688004008,0.863349183413715,0.859543059200617,1.19809473112655,1.18526524764547,0.745371812501129,0.738814270619956
"2008-10",-0.00865061568394832,-0.203118381577186,-0.0614829688004008,-0.17032990913227,0.859543059200617,0.869635213390155,1.18526524764547,1.18697495327951,0.738814270619956,0.75626540436814
"2008-11",-0.203118381577186,-0.0945493492837657,-0.17032990913227,-0.0225318767726057,0.869635213390155,0.867331525294523,1.18697495327951,1.19154371972212,0.75626540436814,0.752263974769724
"2008-12",-0.0945493492837657,0.0638819541145881,-0.0225318767726057,0.0320067686308592,0.867331525294523,0.867670359471719,1.19154371972212,1.19379798785779,0.752263974769724,0.752851852705781
"2009-01",0.0638819541145881,-0.137091118076955,0.0320067686308592,-0.0810586620979433,0.867670359471719,0.870259038242862,1.19379798785779,1.2034708973318,0.752851852705781,0.757350793643391
"2009-02",-0.137091118076955,-0.210095380449213,-0.0810586620979433,-0.0981610735726582,0.870259038242862,0.872087113982061,1.2034708973318,1.22858236892725,0.757350793643391,0.76053593437356
"2009-03",-0.210095380449213,0.0552670177028081,-0.0981610735726582,0.0254694719946138,0.872087113982061,0.872261265106632,1.22858236892725,1.23032689829674,0.76053593437356,0.760839714605423
"2009-04",0.0552670177028081,0.355155212343078,0.0254694719946138,0.156493953428856,0.872261265106632,0.876162520518039,1.23032689829674,1.29617287503051,0.760839714605423,0.767660762360523
"2009-05",0.355155212343078,0.0362320656733288,0.156493953428856,0.0427416689294313,0.876162520518039,0.876036524680858,1.29617287503051,1.29383649117307,0.767660762360523,0.767439992574916
"2009-06",0.0362320656733288,0.0419577756303975,0.0427416689294313,0.0385705446769293,0.876036524680858,0.876211112741096,1.29383649117307,1.29286790183497,0.767439992574916,0.76774591409099
"2009-07",0.0419577756303975,0.301837517074571,0.0385705446769293,0.10904390305324,0.876211112741096,0.873910738731401,1.29286790183497,1.33556488979598,0.76774591409099,0.763719979270063
"2009-08",0.301837517074571,0.075520704426886,0.10904390305324,0.0469824825643863,0.873910738731401,0.874554158450002,1.33556488979598,1.3366295464846,0.763719979270063,0.764844976062191
"2009-09",0.075520704426886,-0.020984436449489,0.0469824825643863,0.0344036054769568,0.874554158450002,0.871677432625534,1.3366295464846,1.33104901548009,0.764844976062191,0.759821546548642
"2009-10",-0.020984436449489,0.0148573454392,0.0344036054769568,-0.0290317500058563,0.871677432625534,0.870128394225049,1.33104901548009,1.32711773828596,0.759821546548642,0.757123422436662
"2009-11",0.0148573454392,0.0265959531023163,-0.0290317500058563,0.0201405745681977,0.870128394225049,0.870183863550642,1.32711773828596,1.32697223063665,0.757123422436662,0.757219956383923
"2009-12",0.0265959531023163,0.0219043756027453,0.0201405745681977,0.0253591846000738,0.870183863550642,0.870085650128533,1.32697223063665,1.32613162223663,0.757219956383923,0.757049038559592
"2010-01",0.0219043756027453,-0.128044231883614,0.0253591846000738,-0.0831071861002795,0.870085650128533,0.872443145974745,1.32613162223663,1.33043588696649,0.757049038559592,0.761157042958311
"2010-02",-0.128044231883614,-0.139639767182353,-0.0831071861002795,-0.0560940816385878,0.872443145974745,0.872704076384745,1.33043588696649,1.33983233814154,0.761157042958311,0.76161240493855
"2010-03",-0.139639767182353,0.0607329317184355,-0.0560940816385878,0.0520342160137484,0.872704076384745,0.873074723025525,1.33983233814154,1.33847747136324,0.76161240493855,0.762259471986097
"2010-04",0.0607329317184355,-0.00514798684667495,0.0520342160137484,-0.0348716336393525,0.873074723025525,0.872193033600072,1.33847747136324,1.33506149116717,0.762259471986097,0.760720687860497
"2010-05",-0.00514798684667495,-0.143115600693495,-0.0348716336393525,-0.107965914377157,0.872193033600072,0.875142617352105,1.33506149116717,1.33543245321494,0.760720687860497,0.765874600705892
"2010-06",-0.143115600693495,0.0107979950096884,-0.107965914377157,-0.0102570780349281,0.875142617352105,0.87487626148335,1.33543245321494,1.33488289049832,0.765874600705892,0.765408472907082
"2010-07",0.0107979950096884,0.211367292324207,-0.0102570780349281,0.133471477944934,0.87487626148335,0.879882891181816,1.33488289049832,1.34387223707397,0.765408472907082,0.774193902194472
"2010-08",0.211367292324207,-0.0792451960194764,0.133471477944934,-0.0297910560703228,0.879882891181816,0.879793441877238,1.34387223707397,1.34678686545319,0.774193902194472,0.774036500370197
"2010-09",-0.0792451960194764,0.0408784448630497,-0.0297910560703228,0.0321488510208094,0.879793441877238,0.879941924054509,1.34678686545319,1.34644866998183,0.774036500370197,0.774297789708752
"2010-10",0.0408784448630497,-0.0371822658962492,0.0321488510208094,0.0283799225343524,0.879941924054509,0.876909882615631,1.34644866998183,1.34184643214125,0.774297789708752,0.768970942228959
"2010-11",-0.0371822658962492,-0.220511585308628,0.0283799225343524,-0.142949689583983,0.876909882615631,0.882407726578488,1.34184643214125,1.35116860763436,0.768970942228959,0.778643395925415
"2010-12",-0.220511585308628,0.0682492919602995,-0.142949689583983,0.0638704274562381,0.882407726578488,0.882696311543288,1.35116860763436,1.3485652413773,0.778643395925415,0.779152778412126
"2011-01",0.0682492919602995,0.201218718375551,0.0638704274562381,0.096043288890685,0.882696311543288,0.884573644078425,1.3485652413773,1.36220895529986,0.779152778412126,0.782470531798183
"2011-02",0.201218718375551,-0.00234211327339673,0.096043288890685,0.00414583094788012,0.884573644078425,0.884529591311373,1.36220895529986,1.36216160146148,0.782470531798183,0.782392597905465
"2011-03",-0.00234211327339673,-0.0430361671450645,0.00414583094788012,-0.0252792495649438,0.884529591311373,0.884714842743907,1.36216160146148,1.36274801049451,0.782392597905465,0.782720352971376
"2011-04",-0.0430361671450645,0.0294825754067827,-0.0252792495649438,0.0285917550950687,0.884714842743907,0.884720027070304,1.36274801049451,1.36212279044004,0.782720352971376,0.782729526299279
"2011-05",0.0294825754067827,-0.062933423339591,0.0285917550950687,-0.0370350654933674,0.884720027070304,0.885098082223914,1.36212279044004,1.36325425531858,0.782729526299279,0.78339861515645
"2011-06",-0.062933423339591,-0.00308079206278478,-0.0370350654933674,-0.0110824483032396,0.885098082223914,0.885051316543356,1.36325425531858,1.36298804990293,0.78339861515645,0.783315832915127
"2011-07",-0.00308079206278478,-0.0799633299383754,-0.0110824483032396,-0.0703867747143406,0.885051316543356,0.885687432279347,1.36298804990293,1.36093125205804,0.783315832915127,0.784442227697582
"2011-08",-0.0799633299383754,-0.137569809620289,-0.0703867747143406,-0.0947076033680169,0.885687432279347,0.887656414324551,1.36093125205804,1.36292848852696,0.784442227697582,0.787933909891518
"2011-09",-0.137569809620289,-0.00917654496019815,-0.0947076033680169,-0.0197279587429744,0.887656414324551,0.887549666364656,1.36292848852696,1.36229935372225,0.787933909891518,0.787744410264012
"2011-10",-0.00917654496019815,0.0618123127739152,-0.0197279587429744,0.0477735262906935,0.887549666364656,0.887893977018502,1.36229935372225,1.36181354608542,0.787744410264012,0.788355714425732
"2011-11",0.0618123127739152,-0.0438891236173714,0.0477735262906935,-0.0564384710739341,0.887893977018502,0.887656276442317,1.36181354608542,1.35835275460508,0.788355714425732,0.787933665107438
"2011-12",-0.0438891236173714,0.0647115377573082,-0.0564384710739341,0.0138232944175749,0.887656276442317,0.887143972202904,1.35835275460508,1.3595324290009,0.787933665107438,0.787024427415946
"2012-01",0.0647115377573082,0.0158654073202633,0.0138232944175749,-0.00666561634094032,0.887143972202904,0.886923386904497,1.3595324290009,1.35923185824385,0.787024427415946,0.786633094238145
"2012-02",0.0158654073202633,0.00824078642027959,-0.00666561634094032,-0.00508859216114188,0.886923386904497,0.886851927680568,1.35923185824385,1.35910375313889,0.786633094238145,0.786506341630739
"2012-03",0.00824078642027959,-0.113241284857375,-0.00508859216114188,-0.0540876169805007,0.886851927680568,0.887356267365722,1.35910375313889,1.36356569692114,0.786506341630739,0.787401145233226
"2012-04",-0.113241284857375,-0.124927493951366,-0.0540876169805007,-0.124500506604517,0.887356267365722,0.888120658572251,1.36356569692114,1.35360541765264,0.787401145233226,0.788758304182809
"2012-05",-0.124927493951366,-0.0987071823379139,-0.124500506604517,-0.131393550293126,0.888120658572251,0.886499311720915,1.35360541765264,1.33537542408903,0.788758304182809,0.785881029681656
"2012-06",-0.0987071823379139,0.223163346222133,-0.131393550293126,0.166245279286704,0.886499311720915,0.891130439954646,1.33537542408903,1.33480529044793,0.785881029681656,0.794113461013761
"2012-07",0.223163346222133,-0.0353052536160763,0.166245279286704,-0.0512658014198547,0.891130439954646,0.890864278346022,1.33480529044793,1.33218617522801,0.794113461013761,0.793639162432979
"2012-08",-0.0353052536160763,0.140683834320676,-0.0512658014198547,0.10127485440717,0.890864278346022,0.892568009590432,1.33218617522801,1.33261707286809,0.793639162432979,0.796677651744226
"2012-09",0.140683834320676,0.00658663200590914,0.10127485440717,0.0388113733551294,0.892568009590432,0.891568347940584,1.33261707286809,1.32938247017612,0.796677651744226,0.794894119049502
"2012-10",0.00658663200590914,0.0703357807800207,0.0388113733551294,0.0174353036981332,0.891568347940584,0.891138121098052,1.32938247017612,1.3307097681312,0.794894119049502,0.794127150874167
"2012-11",0.0703357807800207,0.0135157489640343,0.0174353036981332,0.011692140381639,0.891138121098052,0.891135652459887,1.3307097681312,1.33060267534398,0.794127150874167,0.794122751085108
"2012-12",0.0135157489640343,0.0668300850382402,0.011692140381639,0.0293524110240926,0.891135652459887,0.891235600189839,1.33060267534398,1.33182536552132,0.794122751085108,0.794300895045742
"2013-01",0.0668300850382402,0.0662905249867656,0.0293524110240926,0.0238505680299477,0.891235600189839,0.891168881772145,1.33182536552132,1.33307577315559,0.794300895045742,0.794181975839015
"2013-02",0.0662905249867656,0.0144710723801025,0.0238505680299477,-0.0157851478444552,0.891168881772145,0.890746892815881,1.33307577315559,1.33221100281462,0.794181975839015,0.793430027061146
"2013-03",0.0144710723801025,-0.0898939664785732,-0.0157851478444552,-0.0377020481457953,0.890746892815881,0.890719767966933,1.33221100281462,1.33498580479017,0.793430027061146,0.793381705047068
"2013-04",-0.0898939664785732,0.110014598938345,-0.0377020481457953,0.0630049893515126,0.890719767966933,0.891493074452228,1.33498580479017,1.33735083981662,0.793381705047068,0.794759901796285
"2013-05",0.110014598938345,-0.016689263904845,0.0630049893515126,-0.0116879075128578,0.891493074452228,0.891520669936811,1.33735083981662,1.33744583355535,0.794759901796285,0.794809104924581
"2013-06",-0.016689263904845,-0.110666657898171,-0.0116879075128578,-0.067050339278557,0.891520669936811,0.892385508458871,1.33744583355535,1.34020088065148,0.794809104924581,0.796351895707397
"2013-07",-0.110666657898171,0.121449809246979,-0.067050339278557,0.086400334532772,0.892385508458871,0.893546292885952,1.34020088065148,1.3405088493074,0.796351895707397,0.798424977530227
"2013-08",0.121449809246979,0.0143297426644557,0.086400334532772,-0.0169445932759157,0.893546292885952,0.893095985141502,1.3405088493074,1.33955719014193,0.798424977530227,0.79762043867587
"2013-09",0.0143297426644557,0.157754999421976,-0.0169445932759157,0.108027209730462,0.893095985141502,0.89498011479456,1.33955719014193,1.34117822600915,0.79762043867587,0.800989405877684
"2013-10",0.157754999421976,0.0446728545331072,0.108027209730462,0.0785754105966094,0.89498011479456,0.893456531886984,1.34117822600915,1.33318848009115,0.800989405877684,0.798264574371518
"2013-11",0.0446728545331072,0.0191218149344348,0.0785754105966094,-0.00709543372154453,0.893456531886984,0.893217682125113,1.33318848009115,1.3328484780669,0.798264574371518,0.797837827660959
"2013-12",0.0191218149344348,0.0175118640736542,-0.00709543372154453,0.00804064686512151,0.893217682125113,0.893225540070334,1.3328484780669,1.33288343356807,0.797837827660959,0.79785186543394
"2014-01",0.0175118640736542,-0.00983474314254718,0.00804064686512151,0.000352940330729856,0.893225540070334,0.893167215081676,1.33288343356807,1.33290556049058,0.79785186543394,0.797747674096757
"2014-02",-0.00983474314254718,0.0152371938708875,0.000352940330729856,0.0195560762038831,0.893167215081676,0.893093285209794,1.33290556049058,1.33249034093389,0.797747674096757,0.797615616086822
"2014-03",0.0152371938708875,-0.0121307759886239,0.0195560762038831,0.0223743887064614,0.893093285209794,0.892294313795648,1.33249034093389,1.33097939018564,0.797615616086822,0.796189142432047
"2014-04",-0.0121307759886239,0.0145675154670033,0.0223743887064614,0.0114598059188031,0.892294313795648,0.892295621997794,1.33097939018564,1.33091939868679,0.796189142432047,0.79619147703643
"2014-05",0.0145675154670033,0.0631996330243765,0.0114598059188031,0.0324792565456318,0.892295621997794,0.892455547051901,1.33091939868679,1.33174700678658,0.79619147703643,0.796476903463708
"2014-06",0.0631996330243765,-0.0101021847515855,0.0324792565456318,0.0115569398702715,0.892455547051901,0.892146213112312,1.33174700678658,1.33130244301421,0.796476903463708,0.795924865570638
"2014-07",-0.0101021847515855,-0.00110935284573543,0.0115569398702715,-0.0198013473151724,0.892146213112312,0.891952349146136,1.33130244301421,1.33053713487694,0.795924865570638,0.795578993147311
"2014-08",-0.00110935284573543,-0.000976420807679346,-0.0198013473151724,0.00201729963493791,0.891952349146136,0.891937121665035,1.33053713487694,1.33053420675498,0.795578993147311,0.795551829004107
"2014-09",-0.000976420807679346,0.0456731026313275,0.00201729963493791,0.0090131509482736,0.891937121665035,0.891695989623382,1.33053420675498,1.33088698263547,0.795551829004107,0.795121737910423
"2014-10",0.0456731026313275,-0.0673224713007069,0.0090131509482736,-0.0321186587536053,0.891695989623382,0.891822055188819,1.33088698263547,1.33238651631498,0.795121737910423,0.795346578121209
"2014-11",-0.0673224713007069,-0.030310092216952,-0.0321186587536053,0.0279544080223271,0.891822055188819,0.889935542565295,1.33238651631498,1.32943370388628,0.795346578121209,0.791985269920986
"2014-12",-0.030310092216952,-0.0815544148439534,0.0279544080223271,-0.0456052695094633,0.889935542565295,0.890333333429186,1.32943370388628,1.33120385937402,0.791985269920986,0.792693444615126
"2015-01",-0.0815544148439534,-0.0323402055557388,-0.0456052695094633,0.0120433809095535,0.890333333429186,0.889414821320671,1.33120385937402,1.33035363789269,0.792693444615126,0.791058724384881
"2015-02",-0.0323402055557388,0.181579036320023,0.0120433809095535,0.0744955771950127,0.889414821320671,0.889489020684787,1.33035363789269,1.33950926527741,0.791058724384881,0.791190717918781
"2015-03",0.181579036320023,0.0623031665731042,0.0744955771950127,0.0306665745284154,0.889489020684787,0.889619287663438,1.33950926527741,1.34033896305113,0.791190717918781,0.791422476982803
"2015-04",0.0623031665731042,-0.043367189013809,0.0306665745284154,-0.0118130866344442,0.889619287663438,0.889456298822803,1.34033896305113,1.34100007310692,0.791422476982803,0.791132507515559
"2015-05",-0.043367189013809,-0.000778093028994009,-0.0118130866344442,-0.0147036067573906,0.889456298822803,0.889357287111746,1.34100007310692,1.34057514070768,0.791132507515559,0.790956384138765
"2015-06",-0.000778093028994009,-0.0223506588380669,-0.0147036067573906,-0.0399460772834234,0.889357287111746,0.88910791584052,1.34057514070768,1.33871970730961,0.790956384138765,0.790512886010274
"2015-07",-0.0223506588380669,0.0571241029941787,-0.0399460772834234,0.0381818681374981,0.88910791584052,0.889322047162032,1.33871970730961,1.338894244914,0.790512886010274,0.790893703568468
"2015-08",0.0571241029941787,-0.103212339174878,0.0381818681374981,-0.0824367140433355,0.889322047162032,0.890260665368605,1.338894244914,1.33834761937833,0.790893703568468,0.792564052302551
"2015-09",-0.103212339174878,-0.082657657028139,-0.0824367140433355,-0.0681449814639505,0.890260665368605,0.890853860905761,1.33834761937833,1.3377554250913,0.792564052302551,0.793620601490701
"2015-10",-0.082657657028139,0.0454385535104338,-0.0681449814639505,0.0837665261599161,0.890853860905761,0.889162442885652,1.3377554250913,1.32905477486432,0.793620601490701,0.79060984983838
"2015-11",0.0454385535104338,0.00204104625069057,0.0837665261599161,0.00252880809052702,0.889162442885652,0.889157005164882,1.32905477486432,1.32904872979968,0.79060984983838,0.790600179833782
"2015-12",0.00204104625069057,-0.142184477416211,0.00252880809052702,-0.0811310457001695,0.889157005164882,0.890341526547832,1.32904872979968,1.3336220849423,0.790600179833782,0.792708033895523
"2016-01",-0.142184477416211,-0.113772415435078,-0.0811310457001695,-0.0763186170088131,0.890341526547832,0.891329269683849,1.3336220849423,1.33527730434752,0.792708033895523,0.794467866995143
"2016-02",-0.113772415435078,-0.00695403457690458,-0.0763186170088131,-0.0402005235190316,0.891329269683849,0.890609018096491,1.33527730434752,1.33259346416928,0.794467866995143,0.793184423114795
"2016-03",-0.00695403457690458,-0.00222030790420624,-0.0402005235190316,0.0309286262914097,0.890609018096491,0.889826525594097,1.33259346416928,1.33052353193199,0.793184423114795,0.791791245650862
"2016-04",-0.00222030790420624,0.0476390723084847,0.0309286262914097,0.0346896062612196,0.889826525594097,0.889978743397716,1.33052353193199,1.33048017843191,0.791791245650862,0.792062163699778
"2016-05",0.0476390723084847,-0.00367695162696324,0.0346896062612196,0.000919575499972458,0.889978743397716,0.889963177900385,1.33048017843191,1.33047900570547,0.792062163699778,0.792034458018552
"2016-06",-0.00367695162696324,-0.150478170156115,0.000919575499972458,-0.096379483433175,0.889963177900385,0.891541837972738,1.33047900570547,1.3339498690255,0.792034458018552,0.794846848855808
"2016-07",-0.150478170156115,0.048638708519857,-0.096379483433175,0.0519275784017621,0.891541837972738,0.891511451067546,1.3339498690255,1.33224414428136,0.794846848855808,0.794792667384562
"2016-08",0.048638708519857,0.0675597998577098,0.0519275784017621,0.0150921844637726,0.891511451067546,0.891075940183657,1.33224414428136,1.33319839702538,0.794792667384562,0.794016331174187
"2016-09",0.0675597998577098,-0.035138062837239,0.0150921844637726,0.00718160188832551,0.891075940183657,0.890383793622772,1.33319839702538,1.3327537263311,0.794016331174187,0.792783299946078
"2016-10",-0.035138062837239,0.240663873493216,0.00718160188832551,0.041449233190354,0.890383793622772,0.882703171701448,1.3327537263311,1.34355526285487,0.792783299946078,0.779164889331796
"2016-11",0.240663873493216,-0.114320462980151,0.041449233190354,-0.0497741099052318,0.882703171701448,0.882902106282658,1.34355526285487,1.34723178730167,0.779164889331796,0.779516129278354
"2016-12",-0.114320462980151,0.100926950469506,-0.0497741099052318,0.0764139176282668,0.882902106282658,0.883621704705356,1.34723178730167,1.34672001077744,0.779516129278354,0.780787317026399
"2017-01",0.100926950469506,-0.0095501820912216,0.0764139176282668,-0.00394557538988471,0.883621704705356,0.883619126644981,1.34672001077744,1.34676898578735,0.780787317026399,0.780782760972839
"2017-02",-0.0095501820912216,-0.015458078153846,-0.00394557538988471,0.0257965260701989,0.883619126644981,0.882676877199285,1.34676898578735,1.34489801113284,0.780782760972839,0.779118469542282
"2017-03",-0.015458078153846,0.176756080187023,0.0257965260701989,0.0949610580948146,0.882676877199285,0.884197539487998,1.34489801113284,1.35106681651912,0.779118469542282,0.78180528883663
"2017-04",0.176756080187023,0.0294159421019844,0.0949610580948146,0.0241710620019955,0.884197539487998,0.884231243749191,1.35106681651912,1.3508804361342,0.78180528883663,0.781864892422242
"2017-05",0.0294159421019844,-0.0131990221118042,0.0241710620019955,0.0153231861648508,0.884231243749191,0.883801468056931,1.3508804361342,1.35017921963311,0.781864892422242,0.781105034939587
"2017-06",-0.0131990221118042,0.00179253354031661,0.0153231861648508,-0.0400275735294118,0.883801468056931,0.882829965911178,1.35017921963311,1.34704589677284,0.781105034939587,0.779388748710731
"2017-07",0.00179253354031661,0.0531315882409598,-0.0400275735294118,0.00552445739982765,0.882829965911178,0.882374789228034,1.34704589677284,1.34728684309124,0.779388748710731,0.778585268665217
"2017-08",0.0531315882409598,-0.0299307312523486,0.00552445739982765,-0.019300736183164,0.882374789228034,0.882451002945163,1.34728684309124,1.34748598239174,0.778585268665217,0.778719772598924
"2017-09",-0.0299307312523486,0.0187278877721693,-0.019300736183164,0.00796155153162781,0.882451002945163,0.882456563549761,1.34748598239174,1.34753305646629,0.778719772598924,0.778729586552054
"2017-10",0.0187278877721693,0.00592252626816459,0.00796155153162781,0.0136781775273322,0.882456563549761,0.882376021381241,1.34753305646629,1.3472700046903,0.778729586552054,0.778587443108589
"2017-11",0.00592252626816459,-0.0440569902248338,0.0136781775273322,-0.0296954435311446,0.882376021381241,0.882540628620085,1.3472700046903,1.3475696652258,0.778587443108589,0.778877961165136
"2017-12",-0.0440569902248338,-0.00974661700801516,-0.0296954435311446,-0.01636466647488,0.882540628620085,0.882525240954028,1.3475696652258,1.3473322578001,0.778877961165136,0.778850800920965
"2018-01",-0.00974661700801516,0.064116947215356,-0.01636466647488,0.0405818052273252,0.882525240954028,0.882776627004532,1.3473322578001,1.34769619791063,0.778850800920965,0.779294573185499
"2018-02",0.064116947215356,-0.0895877767519908,0.0405818052273252,-0.0584796627577381,0.882776627004532,0.88337924896153,1.34769619791063,1.34883173995389,0.779294573185499,0.780358897495836
"2018-03",-0.0895877767519908,-0.0669084780531035,-0.0584796627577381,-0.0243792789675191,0.88337924896153,0.883299988201927,1.34883173995389,1.35014074846126,0.780358897495836,0.780218869157524
"2018-04",-0.0669084780531035,0.071508231400021,-0.0243792789675191,0.0396024335736322,0.883299988201927,0.883555484013366,1.35014074846126,1.35096475841934,0.780218869157524,0.780670293330094
"2018-05",0.071508231400021,-0.132392368350591,0.0396024335736322,-0.0516100865213704,0.883555484013366,0.883506043236919,1.35096475841934,1.35573858619517,0.780670293330094,0.780582928436156
"2018-06",-0.132392368350591,0.040246630408826,-0.0516100865213704,0.0166077011581534,0.883506043236919,0.883524606453697,1.35573858619517,1.35606879696005,0.780582928436156,0.78061573020916
"2018-07",0.040246630408826,0.0349028052852856,0.0166077011581534,0.0257723918407857,0.883524606453697,0.883592265040091,1.35606879696005,1.35598415742413,0.78061573020916,0.780735290838679
"2018-08",0.0349028052852856,-0.145720670359943,0.0257723918407857,-0.0477778249370251,0.883592265040091,0.882935576687411,1.35598415742413,1.36160165946633,0.780735290838679,0.77957523258033
"2018-09",-0.145720670359943,0.0223464467712822,-0.0477778249370251,-0.00105323004052704,0.882935576687411,0.882806834009899,1.36160165946633,1.36154028036919,0.77957523258033,0.779347906174582
"2018-10",0.0223464467712822,-0.0929661352728141,-0.00105323004052704,-0.0527947199975537,0.882806834009899,0.883300370824586,1.36154028036919,1.36325194569319,0.779347906174582,0.780219545098852
"2018-11",-0.0929661352728141,0.0272262596973738,-0.0527947199975537,0.0206555569025131,0.883300370824586,0.883339231415277,1.36325194569319,1.36317086744734,0.780219545098852,0.780288197757332
"2018-12",0.0272262596973738,-0.0762255776771656,0.0206555569025131,-0.0591922391405407,0.883339231415277,0.883786351172911,1.36317086744734,1.36297180641672,0.780288197757332,0.781078314519529
"2019-01",-0.0762255776771656,0.115305714484763,-0.0591922391405407,0.0605159054612436,0.883786351172911,0.88437392400501,1.36297180641672,1.36547353410915,0.781078314519529,0.782117237460019
"2019-02",0.115305714484763,0.0588008970617691,0.0605159054612436,0.0244018235377146,0.88437392400501,0.884414968850108,1.36547353410915,1.36621759302375,0.782117237460019,0.782189837126137
"2019-03",0.0588008970617691,-0.0696017412788977,0.0244018235377146,-0.00403121353758518,0.884414968850108,0.883377923502696,1.36621759302375,1.36666475296648,0.782189837126137,0.780356555731934
"2019-04",-0.0696017412788977,0.095717421810755,-0.00403121353758518,0.0357455722940876,0.883377923502696,0.883335644852388,1.36666475296648,1.36877882347481,0.780356555731934,0.780281861466784
"2019-05",0.095717421810755,-0.101605743976095,0.0357455722940876,-0.0591811837481611,0.883335644852388,0.883943116408579,1.36877882347481,1.3706261036472,0.780281861466784,0.781355433046111
"2019-06",-0.101605743976095,0.0101694220588791,-0.0591811837481611,0.0216120927071686,0.883943116408579,0.883799764360557,1.3706261036472,1.37002361444002,0.781355433046111,0.781102023483776
"2019-07",0.0101694220588791,-0.0645718739537037,0.0216120927071686,-0.0247640789585852,0.883799764360557,0.883781497345155,1.37002361444002,1.3711492384309,0.781102023483776,0.781069735049644
"2019-08",-0.0645718739537037,-0.0631589918477494,-0.0247640789585852,-0.017623409806599,0.883781497345155,0.883557408398093,1.3711492384309,1.37215962609853,0.781069735049644,0.780673693935154
"2019-09",-0.0631589918477494,0.109422251914021,-0.017623409806599,0.0489849197897703,0.883557408398093,0.883827522485227,1.37215962609853,1.37478042097331,0.780673693935154,0.781151089502375
"2019-10",0.109422251914021,0.0097909363067501,0.0489849197897703,0.00139545152522524,0.883827522485227,0.883819195687476,1.37478042097331,1.37478428628782,0.781151089502375,0.781136370665657
"2019-11",0.0097909363067501,0.0123862980999043,0.00139545152522524,0.0102079395085066,0.883819195687476,0.883821203204843,1.37478428628782,1.37474057805948,0.781136370665657,0.781139919234457
"2019-12",0.0123862980999043,0.042141486335264,0.0102079395085066,0.0210864195158789,0.883821203204843,0.883885270457554,1.37474057805948,1.37504507769474,0.781139919234457,0.781253171331823
"2020-01",0.042141486335264,-0.0631144314976185,0.0210864195158789,-0.0189858627926238,0.883885270457554,0.883714493734945,1.37504507769474,1.37608755589431,0.781253171331823,0.780951306437211
"2020-02",-0.0631144314976185,-0.0715434257161535,-0.0189858627926238,-0.0688201377501504,0.883714493734945,0.883951914314224,1.37608755589431,1.37410047007675,0.780951306437211,0.78137098681978
"2020-03",-0.0715434257161535,-0.327373410075333,-0.0688201377501504,-0.222143278794639,0.883951914314224,0.890761720891921,1.37410047007675,1.38075509059991,0.78137098681978,0.793456443406336
"2020-04",-0.327373410075333,0.0828393131516543,-0.222143278794639,0.0201756571925058,0.890761720891921,0.89033662085586,1.38075509059991,1.38211085496555,0.793456443406336,0.792699298437032
"2020-05",0.0828393131516543,-0.064948180296191,0.0201756571925058,0.0251650752246442,0.89033662085586,0.887605948137717,1.38211085496555,1.37890319977879,0.792699298437032,0.787844319169455
"2020-06",-0.064948180296191,0.0970283025943575,0.0251650752246442,0.0190093570554146,0.887605948137717,0.886778123629436,1.37890319977879,1.38054817773484,0.787844319169455,0.786375440547744
"2020-07",0.0970283025943575,-0.13936020556558,0.0190093570554146,-0.0489531770861221,0.886778123629436,0.886451029487555,1.38054817773484,1.38502064950796,0.786375440547744,0.785795427679546
"2020-08",-0.13936020556558,-0.0697763605123973,-0.0489531770861221,0.0133917031093194,0.886451029487555,0.884449855803894,1.38502064950796,1.38350718219779,0.785795427679546,0.782251547431529
"2020-09",-0.0697763605123973,-0.0330207065828223,0.0133917031093194,-0.0362866636550326,0.884449855803894,0.884448430575175,1.38350718219779,1.38278909701821,0.782251547431529,0.78224902634689
"2020-10",-0.0330207065828223,0.037942551351039,-0.0362866636550326,-0.0393651398772441,0.884448430575175,0.882156375773068,1.38278909701821,1.37838275775046,0.78224902634689,0.778199871317074
"2020-11",0.037942551351039,0.596263245213463,-0.0393651398772441,0.251805532663352,0.882156375773068,0.887437408213744,1.37838275775046,1.44997824778403,0.778199871317074,0.787545153497126
"2020-12",0.596263245213463,0.026717538245735,0.251805532663352,-0.000396155340531279,0.887437408213744,0.887317098056429,1.44997824778403,1.44995063914805,0.787545153497126,0.787331632503283
"2021-01",0.026717538245735,-0.0664189186373697,-0.000396155340531279,-0.0391642230530287,0.887317098056429,0.887531539808693,1.44995063914805,1.45050814270388,0.787331632503283,0.78771223415519
"2021-02",-0.0664189186373697,0.221927427401208,-0.0391642230530287,0.060264260393168,0.887531539808693,0.885832261341668,1.45050814270388,1.4595073454304,0.78771223415519,0.784698795233693
"2021-03",0.221927427401208,-0.0384531320884149,0.060264260393168,0.0431610942249241,0.885832261341668,0.883338249083789,1.4595073454304,1.45445289595251,0.784698795233693,0.780286462294413
"2021-04",-0.0384531320884149,0.0693291193436127,0.0431610942249241,0.0273892773892774,0.883338249083789,0.883391167260704,1.45445289595251,1.45526233667563,0.780286462294413,0.780379954394228
"2021-05",0.0693291193436127,0.099668124288987,0.0273892773892774,0.0378786603091321,0.883391167260704,0.883453444502364,1.45526233667563,1.45701324365525,0.780379954394228,0.780489988603092
"2021-06",0.099668124288987,0.0179127770402239,0.0378786603091321,-0.0358185335199734,0.883453444502364,0.882399233304055,1.45701324365525,1.45420703145638,0.780489988603092,0.778628406935585
"2021-07",0.0179127770402239,0.0350037538025785,-0.0358185335199734,-0.0164943541443847,0.882399233304055,0.881712671461865,1.45420703145638,1.4531067266234,0.778628406935585,0.777417235016418
"2021-08",0.0350037538025785,0.0251338892994135,-0.0164943541443847,0.0196986306828395,0.881712671461865,0.881723363356711,1.4531067266234,1.45295902193919,0.777417235016418,0.777436089489071
"2021-09",0.0251338892994135,0.0306473264547318,0.0196986306828395,-0.00568577836779183,0.881723363356711,0.881460688199448,1.45295902193919,1.45269315486611,0.777436089489071,0.776972944841044
"2021-10",0.0306473264547318,0.0745791190684544,-0.00568577836779183,0.0297170851868533,0.881460688199448,0.881533464711507,1.45269315486611,1.45360131690334,0.776972944841044,0.777101249406273
"2021-11",0.0745791190684544,-0.22426591336813,0.0297170851868533,-0.0830895889363817,0.881533464711507,0.881612366914268,1.45360131690334,1.46371232475997,0.777101249406273,0.777240365496177
"2021-12",-0.22426591336813,0.116427458615554,-0.0830895889363817,0.049210751771255,0.881612366914268,0.881868057224398,1.46371232475997,1.46594752956605,0.777240365496177,0.777691270352735
"2022-01",0.116427458615554,0.0731428232552698,0.049210751771255,-0.0115908102393709,0.881868057224398,0.880381230302624,1.46594752956605,1.46473723520802,0.777691270352735,0.775071110669162
"2022-02",0.0731428232552698,-0.061057745306148,-0.0115908102393709,-0.0155117513938138,0.880381230302624,0.880200484634681,1.46473723520802,1.46550606737979,0.775071110669162,0.774752893151127
"2022-03",-0.061057745306148,-0.0151228564655919,-0.0155117513938138,-0.00402167482215499,0.880200484634681,0.880183261424569,1.46550606737979,1.46557459219704,0.774752893151127,0.774722573691992
"2022-04",-0.0151228564655919,0.0155060108884255,-0.00402167482215499,0.0164711598881655,0.880183261424569,0.880155598085053,1.46557459219704,1.46536107916406,0.774722573691992,0.774673876840457
"2022-05",0.0155060108884255,0.0039533423421978,0.0164711598881655,0.0311385800197743,0.880155598085053,0.879688912216478,1.46536107916406,1.46383146180011,0.774673876840457,0.77385258227661
"2022-06",0.0039533423421978,-0.147371518785606,0.0311385800197743,-0.0850477099573519,0.879688912216478,0.880721428583913,1.46383146180011,1.46632493513624,0.77385258227661,0.775670234766888
"2022-07",-0.147371518785606,0.019974602087919,-0.0850477099573519,0.00709990475178723,0.880721428583913,0.880725092021673,1.46632493513624,1.46637075506749,0.775670234766888,0.775676687716585
"2022-08",0.019974602087919,0.0168666603605785,0.00709990475178723,-0.0331159230019245,0.880725092021673,0.879855976552848,1.46637075506749,1.46404783925169,0.775676687716585,0.774146539475766
"2022-09",0.0168666603605785,0.0287210577855193,-0.0331159230019245,-0.0658500762782717,0.879855976552848,0.876534798371612,1.46404783925169,1.45515611428017,0.774146539475766,0.768313252756362
"2022-10",0.0287210577855193,0.156276963030843,-0.0658500762782717,0.0800483535520096,0.876534798371612,0.877454405940194,1.45515611428017,1.4582881753652,0.768313252756362,0.769926234503859
"2022-11",0.156276963030843,0.0773660495546988,0.0800483535520096,0.0511154647536605,0.877454405940194,0.877726562415054,1.4582881753652,1.45822156514715,0.769926234503859,0.770403918368947
"2022-12",0.0773660495546988,0.00392019604101357,0.0511154647536605,-0.0160346019233956,0.877726562415054,0.877604733334743,1.45822156514715,1.45779600345807,0.770403918368947,0.770190067971546
"2023-01",0.00392019604101357,0.147142359335512,-0.0160346019233956,0.0978114774194758,0.877604733334743,0.878639747961837,1.45779600345807,1.45784211224854,0.770190067971546,0.77200780669844
"2023-02",0.147142359335512,0.112022251644881,0.0978114774194758,0.0310272088429822,0.878639747961837,0.878341480485051,1.45784211224854,1.45986947618076,0.77200780669844,0.771483756340671
