"Date","Close","CloseI","correlation","beta","sdC","sdI","r2"
"2000-03",0.0542696883497764,-0.0517090542346871,1,1.03021695082347,0.15537303425579,0.150815839451678,1
"2000-04",-0.079484941932412,-0.0391369593108505,0.906179736745221,1.35140920410225,0.178476751824879,0.119676568350184,0.821161715287639
"2000-05",-0.0715459735479276,-0.0679636519394744,0.923714703916515,1.41187987621441,0.164928916224918,0.107903843368355,0.853248854231574
"2000-06",-0.00797210300811058,-0.0100294891998409,0.918662180572154,1.42097683786893,0.144733685020067,0.093570394069324,0.843940202013584
"2000-07",0.0293173302438929,-0.00469698394619567,0.918679528383101,1.42097110378237,0.129466988024872,0.0837023857721504,0.843972075870196
"2000-08",0.029024277992066,0.0335277259898086,0.902487756007906,1.37498137268125,0.118196675890192,0.0775799984720684,0.814484149744185
"2000-09",-1.99454400740172,0.00599922859755209,0.122010154035584,1.23140473036418,0.724979975195438,0.071832530982847,0.0148864776877869
"2000-10",0.149877094644788,-0.0535982091894978,0.0666814774844988,0.658227199625196,0.689324898963083,0.0698318190981541,0.00444641943951573
"2000-11",-0.0206551782493772,-0.110835527271775,0.0235139356120186,0.20667822084751,0.651844270143452,0.0741608096603712,0.000552905167966155
"2000-12",-2.37525461451635,-0.0113625476490857,0.00868625084966726,0.112272167096808,0.909404284104788,0.0703586110410157,7.54509538233452e-05
"2001-01",0.0875966523068077,0.110452503554991,0.077663255072955,0.895731955696406,0.876863299016352,0.0760272731396234,0.00603158118852687
"2001-02",-2.47794734194198,-0.0558125355254053,0.176029244406279,2.44189550032596,1.02988721084533,0.0742416157958413,0.0309862948862454
"2001-03",-0.011291142907491,-0.0254518265380342,0.165358214667699,2.30777483836427,0.997808757626618,0.0714956554677925,0.0273433391580889
"2001-04",0.0599572880248194,0.0486340368070792,0.189005810302872,2.60418133518527,0.970775273014864,0.0704567553031452,0.0357231963282454
"2001-05",-0.0572390692541304,-0.026667329647321,0.179681336598547,2.47942485496491,0.942320762080323,0.0682890040793556,0.0322853827218404
"2001-06",0.000714190294604844,-0.0655004149056859,0.151964132157896,2.06046620071647,0.917578806794686,0.0676735522342207,0.0230930974625026
"2001-07",-3.71681392171635,-0.0448729921040376,0.196243348825247,3.52375550667582,1.18830270353896,0.0661784001525604,0.0385114519581476
"2001-08",-0.0209890071455437,-0.0187382536114387,0.192300246415296,3.47173836394857,1.16148964885329,0.0643351319335229,0.0369793847713836
"2001-09",-0.0744896937749896,-0.121029630295538,0.145565737030751,2.45876291371404,1.13517392342731,0.0672055153834177,0.0211893837973059
"2001-10",0.0183335651877747,0.0629340722843177,0.166701422677198,2.73492607380149,1.11244782597587,0.0678068182612949,0.027789364322602
"2001-11",0.0212764986506635,0.0759425807413574,0.186846883739648,2.96005161093691,1.09101080582533,0.0688677077256171,0.0349117579632175
"2001-12",-0.00358909244536176,0.00393312531164436,0.189650730686097,3.0139748935762,1.07022072062904,0.0673423465123392,0.0359673996497706
"2002-01",0.0761129339006106,-0.0413451132682773,0.177659070697205,2.82357747150328,1.05204511998671,0.0661945210410179,0.0315627454009946
"2002-02",0.0425709202232383,0.0105709155679925,0.182329473669714,2.90355614450432,1.03406458796541,0.0649343228375592,0.0332440369686749
"2002-03",0.0108933235786886,0.0140372681841927,0.187027909109417,2.98013744348847,1.01641468340937,0.0637883039393109,0.0349794387858402
"2002-04",0.057471221851386,-0.0115519704610477,0.185534005264294,2.9670629951932,1.00033786903969,0.0625523259065142,0.0344228671094111
"2002-05",-0.0978262115069594,-0.0250784855353026,0.182389600810986,2.91704705179828,0.982988779750975,0.061461789253599,0.0332659664839907
"2002-06",-0.0587349084491416,-0.1304293028945,0.150339918327169,2.25666050020611,0.966902593279809,0.0644155631255735,0.02260209104262
"2002-07",-0.0377846930208964,-0.0960075503128164,0.132086628900306,1.93213096666236,0.951796696230788,0.0650678547017684,0.0174468775342473
"2002-08",-0.0324999247155602,0.0298274041013658,0.13830931064728,2.01000238363485,0.93742543666841,0.0645047324244305,0.0191294654117258
"2002-09",-0.146682476512758,-0.156004781069707,0.115751338691126,1.56616605410501,0.92275039590748,0.0681981283683833,0.0133983724087879
"2002-10",0.121951117027881,0.130290642263722,0.138318764840819,1.75152780883099,0.911532420703037,0.0719840346857844,0.0191320807070898
"2002-11",-0.0172097654916857,0.0889663817312154,0.147564273235997,1.81546949409617,0.899024842864045,0.0730741816316696,0.0217752147356679
"2002-12",-0.0263488249173425,-0.0970294641972248,0.13413234072637,1.62015744637653,0.886930237426422,0.0734286837819793,0.0179914848287351
"2003-01",0.0666665223264626,-0.014775747233546,0.1336849012779,1.61856645433315,0.876234090085059,0.072372232549212,0.0178716528296819
"2003-02",0.0283667839205453,0.00869238618852974,0.136362584287282,1.65165268348395,0.865504580935851,0.0714571789511707,0.0185947543935061
"2003-03",-0.00349376763082143,-0.0214854659535854,0.135190722027985,1.63936077135165,0.854869598288998,0.0704972573774444,0.0182765313224478
"2003-04",0.0832602437025287,0.105442466570139,0.147701760168492,1.73126870669137,0.845425082533112,0.0721267428320668,0.0218158099568706
"2003-05",-0.119740786929272,0.00292780645658364,0.148374436170673,1.73898770489687,0.834808463250119,0.0712277807924976,0.0220149733089652
"2003-06",0.0165440252715432,0.0543135899208727,0.153991490840843,1.78897161003963,0.825405605179348,0.0710494448188256,0.0237133792513856
"2003-07",-0.00283143784888928,0.0291023309986156,0.157149706011565,1.82139668101702,0.816164555306295,0.0704184987598786,0.0246960300995214
"2003-08",0.0545454459474248,0.00702374895608338,0.158635627629372,1.84057704622993,0.807669631658564,0.0696114184395487,0.0251652623533649
"2003-09",0.008352488840776,-0.0573312500145908,0.152496343392179,1.76071714320238,0.799076360309992,0.0692082902179131,0.0232551347479855
"2003-10",-0.0111780410503609,0.0635330115369883,0.156949226593873,1.79175108750364,0.790623126677534,0.0692549814115947,0.024633059728415
"2003-11",0.0295655266069206,0.0172522617294339,0.15905712747385,1.81547103175883,0.782697426929518,0.0685737212165668,0.0252991698002326
"2003-12",0.0876095531672287,0.0668321537831782,0.16587316231568,1.87337852087892,0.775447009712903,0.0686598283666511,0.027513905976604
"2004-01",0.130366410381314,0.0249056121293068,0.169272941667083,1.9119733302727,0.768761739282619,0.0680608662208231,0.0286533287806276
"2004-02",-0.0285474698555445,0.0402906079794045,0.171573647622107,1.93046760596035,0.76113785845009,0.067647443714859,0.029437516558355
"2004-03",-0.0157142115169513,-0.0280384369792028,0.169398051559868,1.90456931751023,0.753797496008331,0.0670449880298637,0.0286956998722797
"2004-04",-0.00217720978990144,0.0113991969706722,0.170379998686558,1.91593793231465,0.746732487359335,0.0664052201637808,0.0290293439524314
"2004-05",-0.112000347584288,-0.0185215112291141,0.169777013402209,1.90843319584456,0.739466150241085,0.0657839922158773,0.0288242342797739
"2004-06",0.0180187100625291,0.0149510639026207,0.171078686713142,1.92308532050296,0.732900020473938,0.0651991732545304,0.0292679170474935
"2004-07",0.00634479837968094,-0.0196823593880161,0.16960395008409,1.90668013735191,0.726444288825665,0.0646190299501295,0.0287654998841263
"2004-08",-0.0080131334389214,-0.00628841007610581,0.169326868507918,1.90459952265216,0.720088039508437,0.0640188403545232,0.0286715883986976
"2004-09",-0.00177158896219942,0.0202935631631616,0.170730739090308,1.91903212633843,0.713923007600093,0.0635156655629871,0.0291489852703229
"2004-10",-0.0105778444854849,0.0484605689122259,0.173072417378106,1.93486681753181,0.707875119109089,0.0633189100954805,0.0299540616571014
"2004-11",0.0912830789080497,0.0326313153113815,0.176058914643892,1.96544870512239,0.702521172620576,0.0629297090499397,0.0309967414255851
"2004-12",0.029984649403243,0.0446105837671116,0.178757065151395,1.98768176042704,0.696936135021854,0.0626771652156719,0.0319540883415401
"2005-01",0.0955877856702669,0.0157585883419247,0.180151930697598,2.00441383893366,0.691847287730562,0.0621815825712241,0.0324547181340723
"2005-02",0.0347297133764084,0.0181159381930054,0.181344397191987,2.01752474204649,0.686531344206471,0.0617085927988377,0.0328857903929252
"2005-03",0.0156355015041558,-0.0140773288587477,0.180242224143569,2.005551412892,0.68125086739212,0.0612251427458687,0.0324872593642204
"2005-04",0.00513127585816608,-0.0277789995180894,0.178164530483093,1.98022497898272,0.676048216557581,0.0608253175095237,0.0317425999222609
"2005-05",-0.00893442584335535,0.0472693763847094,0.179937025554771,1.99070320243427,0.670912191927007,0.0606428643286233,0.0323773331654982
"2005-06",0.0333350222784099,0.0377741405833207,0.182000144828654,2.00855354126913,0.666052954940981,0.0603527522528556,0.0331240527176509
"2005-07",0.0705362322734682,0.0339765523986482,0.184256484872077,2.03030143821256,0.661469613866053,0.0600305272934989,0.033950452217414
"2005-08",-0.0676383876706442,-0.0105479875509419,0.183844011265499,2.0254350193505,0.65651129749855,0.0595899988003341,0.0337986204781889
"2005-09",-0.0014010811662355,0.0804284155684092,0.185709475516768,2.01983662464458,0.651829459089455,0.0599310387270466,0.034488009296713
"2005-10",-0.0113204574545641,-0.0296008446882873,0.18371901852793,1.99478371206101,0.64721560786656,0.0596083753513051,0.033752677768866
"2005-11",0.0413489287115867,0.00609883942815559,0.183933989948815,1.99818472572128,0.642881960804149,0.0591776338767382,0.0338317126584907
"2005-12",-0.0124508015606581,0.0166796670892844,0.184524060002477,2.0041945469403,0.638451043888538,0.0587815084673224,0.0340491287197977
"2006-01",0.172049561220752,0.0345074391025659,0.187624904606426,2.03675120302962,0.634988107350767,0.0584949123342531,0.0352031048285703
"2006-02",0.0025297416283514,0.0573111679096014,0.189201515710785,2.04189547343583,0.630763277492097,0.058446365011719,0.0357972135472584
"2006-03",-0.0318303109226813,0.00967570992233968,0.189405691173129,2.04425393231516,0.62653499001224,0.0580501722176083,0.0358745158487709
"2006-04",0.0608216159353594,0.00322247588992086,0.189310432658921,2.04450641842143,0.622677407192394,0.0576566198571988,0.0358384399135079
"2006-05",-0.0211777786345444,-0.046415808282531,0.186419471877301,2.00392589324034,0.618632525813864,0.057549607566506,0.034752219495012
"2006-06",-0.00849187698760978,0.0183060367157533,0.186977358161943,2.00937159399737,0.614695234290878,0.0571990224833422,0.0349605324652194
"2006-07",0.011727183033496,0.0233718446977969,0.187807530747571,2.01718646594719,0.610885640333956,0.0568757155657385,0.0352716686055
"2006-08",0.146470217192289,0.0276442879770267,0.189814132234555,2.03876943005179,0.607712823545898,0.0565794643321907,0.0360294047959572
"2006-09",0.0306494835151965,0.0650489503483105,0.191713733985467,2.04448091357842,0.604087333842642,0.0566460844193427,0.0367541557986504
"2006-10",0.144007286259026,0.063263917395167,0.195820030268097,2.0764693905018,0.601002938595313,0.0566771723991121,0.0383454842541985
"2006-11",0.0473024694304047,0.00700209442939714,0.195874089302708,2.07794565527959,0.597548113986815,0.05632687859008,0.0383666588601651
"2006-12",0.00658408527295018,0.0214595827589716,0.196446559308485,2.08338119199811,0.594036796508962,0.0560130259527304,0.0385912506641423
"2007-01",0.204461055120036,0.0287491743761707,0.19862751994527,2.10776125331172,0.591449221970938,0.0557359577367052,0.0394528916796086
"2007-02",0.0758314167103162,-0.0209438336995924,0.196541648480058,2.0841145016516,0.588253075444552,0.055474989056366,0.0386286195872587
"2007-03",0.0919538712444015,0.0276030848309314,0.197835985029217,2.09713190868202,0.585168068196603,0.0552026797647054,0.0391390769724807
"2007-04",-0.0947367421126714,-0.018242456980714,0.197564952155182,2.0921007783096,0.581756608739336,0.0549374665710006,0.0390319103200793
"2007-05",-0.00232562532124159,0.0664227740038954,0.198324337445453,2.08545341436648,0.578502320846201,0.0550149376160162,0.039332542823178
"2007-06",-0.0215616299750832,-0.0285334311505426,0.196906075422519,2.06628637397787,0.575268362623487,0.0548200080228293,0.0387720025382988
"2007-07",-0.173440101445407,-0.00601662700611061,0.197130974784504,2.06835690915957,0.572078939626038,0.0545237035845952,0.0388606212194886
"2007-08",0.0324446427028102,-0.0217938021823688,0.1955347524317,2.0494938623663,0.569064820682503,0.0542924040286077,0.038233839408526
"2007-09",-0.129189870643282,0.00667828261556469,0.195509420177612,2.04924257925535,0.565937679996897,0.0539936798078161,0.0382239333781861
"2007-10",0.0479261518974752,0.0901450965595307,0.197271434456811,2.04087637560228,0.563063183358922,0.0544257766902974,0.038916018852648
"2007-11",-0.0736758318113577,-0.00821872246782673,0.197079931638822,2.03821020505277,0.56003370243212,0.0541511388359971,0.0388404994547628
"2007-12",-0.251035499251189,-0.0366500150141237,0.198618389777773,2.04835555034397,0.557266970084612,0.0540352812557163,0.0394492647579155
"2008-01",-0.182522087278326,-0.128656384725351,0.196230026615765,1.96175568696042,0.554390226657144,0.0554544124202384,0.0385062233456238
"2008-02",0.298399260809239,-0.00442963257804818,0.194594749163674,1.95044179264283,0.552983049439094,0.0551708839521722,0.0378671164020731
"2008-03",0.126701650354492,0.00748645496344857,0.194724082909903,1.95332841681946,0.550588037974379,0.0548872119161073,0.037917468465103
"2008-04",-0.270446291969071,0.039889954381453,0.192037127769069,1.92308848341328,0.548057222788118,0.0547282851647679,0.0368782584417937
"2008-05",0.0127390139415486,-0.014306067911022,0.191221813388636,1.9142313678476,0.54539110081969,0.0544817502505103,0.0365657819156384
"2008-06",-0.232704328164364,-0.114308623007352,0.192164862733065,1.88062459967221,0.542829904741197,0.0554671220137057,0.0369273344692178
"2008-07",-0.108430898275561,-0.0136889963599615,0.19214633436866,1.87964619562378,0.540137234696717,0.0552153857170745,0.0369202138113128
"2008-08",0.0294660103386615,-0.014644862334957,0.191297673858197,1.87096697426183,0.537626541591115,0.0549698141258666,0.0365948000235573
"2008-09",-0.0429337423873734,-0.0614829906721359,0.188960315217488,1.8362414210768,0.535035068919874,0.055058334985289,0.0357060007270923
"2008-10",-0.246728981329443,-0.17032992036405,0.188751828430431,1.75446190425847,0.532662719790701,0.0573059249979641,0.0356272527358308
"2008-11",-0.0258182462554607,-0.0225318550488153,0.188101373254658,1.74727413623231,0.530164407929396,0.057074417296247,0.0353821266202882
"2008-12",-0.228791843068698,0.0320068466562493,0.186429334420004,1.72966167826199,0.527814620886217,0.0568898124446159,0.0347558967322858
"2009-01",0.130000239484628,-0.0810586822129966,0.178847659199338,1.64517783844806,0.525795976495786,0.0571594008957776,0.0319864852010826
"2009-02",-0.0324487623157222,-0.0981610870416875,0.174624921700817,1.5852194101486,0.523390163835879,0.0576557199550382,0.0304938632790165
"2009-03",-0.173231869352992,0.0254694458848037,0.173783098910768,1.5761559795823,0.521038194383474,0.0574483954911795,0.0302005654670298
"2009-04",0.373134676156981,0.156493921944978,0.189123080689095,1.66539983549575,0.520563904064804,0.0591153230196949,0.035767539649334
"2009-05",0.149456307025501,0.0427417354157447,0.191488327740363,1.68390662484464,0.51871051151523,0.0589860547882599,0.0366677796608006
"2009-06",0.0189124819766833,0.0385705047094533,0.192288522015421,1.68813180423471,0.516488679206255,0.0588312147861528,0.0369748756988751
"2009-07",-0.134998711152177,0.109043894029826,0.187995828764686,1.62634243227631,0.51421737763558,0.0594405705436209,0.035342431632921
"2009-08",0.0430114100668635,0.0469825260340806,0.189162876375303,1.63277032130541,0.512102953937766,0.0593291453813959,0.0357825937985782
"2009-09",0.126288227939703,0.0344035700028062,0.190740787542922,1.64552180267705,0.510255711268086,0.0591463303963587,0.036382048032494
"2009-10",-0.131578703575035,-0.0290317210663414,0.190919047169355,1.64510923071116,0.508069755880107,0.0589627678681644,0.0364500825720543
"2009-11",0.00468902303827456,0.0201405538913255,0.191279327868639,1.64778316888141,0.505961955504734,0.0587334939473537,0.0365877812698783
"2009-12",-0.0556292455149801,0.0253591590796276,0.191343113798525,1.64728427851314,0.503820543796377,0.0585221342200141,0.0366121871981155
"2010-01",0.0280506159554714,-0.0831071863222361,0.186882394147852,1.59492925285525,0.5018043293694,0.0587978396524036,0.0349250292424331
"2010-02",0.0341064259019668,-0.0560940265975168,0.184172338617144,1.56584216196383,0.499823533951023,0.0587886003964761,0.0339194503117081
"2010-03",-0.0901852198432584,0.0520341619221127,0.183500605576049,1.55536152552787,0.497754340751319,0.0587247539924682,0.0336724722467766
"2010-04",-0.0922403570722394,-0.0348715991818697,0.183306973509198,1.55125052734875,0.495710924531962,0.0585767854446452,0.0336014465371018
"2010-05",-0.112903019265778,-0.107965896913937,0.181670095251716,1.51606264872691,0.493699175788713,0.0591600725514513,0.0330040235087677
"2010-06",0.0272725497261088,-0.0102570673326637,0.181279273514369,1.51290047575853,0.49180324043142,0.05892901454256,0.0328621750058976
"2010-07",-0.0692394685890672,0.133471442658766,0.178156838948133,1.45745412701409,0.489833409935658,0.0598764450337161,0.0317398592639909
"2010-08",0,-0.0297910255915408,0.177249361068233,1.44861725166128,0.487939962925191,0.0597031731942744,0.0314173359990967
"2010-09",0.236641361478761,0.0321488171198587,0.179412011651993,1.46720029953739,0.486827022711771,0.0595301238002805,0.032188669925015
"2010-10",-0.0848765688841601,0.0283798935398736,0.179225961804869,1.46451751171219,0.484921917699821,0.0593441842825107,0.0321219453848804
"2010-11",-0.18253746272039,-0.142949637883713,0.179151971009468,1.4315522546528,0.483124264392404,0.0604607089451935,0.0320954287165774
"2010-12",0.140167438157471,0.0638703601506194,0.181903897553466,1.44861775337601,0.48164566722933,0.0604805677029512,0.0330890279451418
"2011-01",0.0587155722557631,0.0960432928098824,0.183530313650975,1.44846418384108,0.479951340964438,0.0608131158002273,0.0336833760288251
"2011-02",0.0502598443935778,0.00414582682653153,0.183556593969574,1.44904925464459,0.478257136410518,0.0605826549510139,0.0336930231897112
"2011-03",-0.053845107825444,-0.0252792245387298,0.183260841969993,1.4456360825865,0.476459631587371,0.060399981918817,0.0335845361995509
"2011-04",-0.0440140909648982,0.0285917260554058,0.183344104097586,1.44524477039971,0.474686372161679,0.0602188289581189,0.0336150605073463
"2011-05",-0.0847144641371061,-0.0370350289237139,0.183152930368328,1.44151466308195,0.472925651481073,0.0600879901768885,0.0335449959025056
"2011-06",-0.160965499705641,-0.0110824369391943,0.183380332195109,1.44324182198007,0.471240090247928,0.0598764274823735,0.0336283462359884
"2011-07",-0.103730731524396,-0.0703867959939437,0.18292887649651,1.43219656500112,0.46952289400275,0.0599703264120352,0.0334629738562753
"2011-08",-0.215053757991632,-0.0947076087345593,0.184587356459523,1.43248991129383,0.467966227692228,0.0603010521756656,0.0340724921647152
"2011-09",-0.0787669512694146,-0.0197279388555761,0.184520880388556,1.43140799307789,0.466279869874768,0.0601075112845705,0.0340479552993678
"2011-10",0.107806746681954,0.0477734771618554,0.18624847598727,1.44239074023739,0.464873614981254,0.0600267319399886,0.0346884948075809
"2011-11",-0.140939701761751,-0.0564384156806602,0.186578485131967,1.44046303954791,0.463254064733351,0.0600037899315362,0.0348115311141396
"2011-12",-0.0195311826873753,0.0138232800387597,0.186733030339515,1.44146639653216,0.461644711609992,0.0598032088340962,0.0348692246197781
"2012-01",0.0722068363253778,-0.00666560950198769,0.186400553827574,1.43935453193476,0.460194043045312,0.0595964528464657,0.0347451664672262
"2012-02",0.184905789375133,-0.0050885869051891,0.185847104551191,1.43663411533559,0.45910184502228,0.0593907298181966,0.0345391462700612
"2012-03",-0.0127388260148973,-0.0540876185044737,0.184476313527282,1.42205088720217,0.457543556670897,0.0593550831214441,0.034031510252616
"2012-04",-0.164516233535068,-0.124500499500499,0.184569964557144,1.40209623228604,0.456036401383001,0.0600319867508614,0.0340660718166256
"2012-05",-0.104247229882053,-0.131393552319569,0.182656386818144,1.36588106304738,0.454489580368293,0.0607779307016329,0.0333633556454593
"2012-06",0.0517244386734759,0.16624526636257,0.183094474846982,1.33536604765578,0.453068317055392,0.0621210234652051,0.033523586719492
"2012-07",0.136001998745002,-0.0512658173021592,0.180058230968947,1.31126877234998,0.451867709165772,0.0620486829702854,0.0324209665396665
"2012-08",0.0472727099820978,0.101274824127518,0.181271695399598,1.30855989329496,0.450462842505856,0.0624015481400302,0.0328594275530445
"2012-09",-0.0590278161908458,0.0388114008489995,0.181142051031419,1.30590764177501,0.448969782913005,0.0622764617698774,0.0328124426518691
"2012-10",-0.0147600019028586,0.0174352860275995,0.18131791515476,1.30689410665185,0.44751334972227,0.0620878058616734,0.0328761863560689
"2012-11",0.0898874986195912,0.0116921287348186,0.181667435449494,1.30980565530149,0.446235382400168,0.0618919587034481,0.0330030571027961
"2012-12",0.153364012228353,0.0293524436615962,0.182927013535442,1.31898389323834,0.445143717698886,0.0617360161031222,0.0334622922809959
"2013-01",0.387878494557806,0.023850603573615,0.18475681746877,1.33603697396044,0.445203420209175,0.0615659361583615,0.0341350816011883
"2013-02",-0.015283697939748,-0.015785131253726,0.184523082013135,1.33411013744412,0.4437919062447,0.0613816266096594,0.0340487677956263
"2013-03",-0.11086482513495,-0.0377021265386677,0.184702179046085,1.33383723290176,0.442391576426136,0.061259864503691,0.034114894944372
"2013-04",0.0349127465826551,0.0630050505050506,0.185521863140395,1.33549580341101,0.441060478761945,0.0612703997785068,0.0344183617030835
"2013-05",0,-0.0116878953112008,0.185307709289588,1.33388280666723,0.439700707456657,0.0610847748127033,0.0343389471221546
"2013-06",-0.0142137544461935,-0.0670503858200199,0.183826752558687,1.31828757717316,0.438341989145814,0.0611239806625335,0.0337922749562727
"2013-07",0.0962961008830003,0.0864003733800645,0.185804901659456,1.32479226715286,0.437159111218842,0.0613124847445838,0.0345234614806803
"2013-08",-0.0202704066726859,-0.0169445756167175,0.18558539707142,1.322940958196,0.435820387983912,0.0611379512099375,0.0344419396061568
"2013-09",0.0942530355629827,0.108027212999819,0.187616817593508,1.32537321468243,0.434653531284121,0.0615285652312256,0.0352000702439158
"2013-10",0.115546183200161,0.0785753270640954,0.189734786962725,1.33454214243485,0.43354524725308,0.0616380798407651,0.0359992893837905
"2013-11",0.0376648651889602,-0.00709542672799979,0.189506606283621,1.33306744285228,0.432296391975182,0.0614545217431651,0.0359127538251355
"2013-12",-0.0272782220662882,0.00804063888330231,0.189546065295235,1.33331953479275,0.430999647662415,0.0612713496099356,0.0359277108689054
"2014-01",0,0.000352939983166323,0.18952157082604,1.33322235566881,0.429731848870723,0.061087675799662,0.0359184258083697
"2014-02",-0.00378766594368074,0.0195560569525268,0.189690781437406,1.33412597500675,0.428472171643942,0.0609216989894157,0.0359825925623338
"2014-03",-0.0513309248607322,0.0223744636567882,0.189660176084079,1.3334468525494,0.427203012286285,0.0607623756274636,0.0359709823922439
"2014-04",-0.106212393785266,0.011459794013829,0.189532444712333,1.332493403065,0.425960098403589,0.0605881114417795,0.0359225475986335
"2014-05",-0.0201794238679264,0.0324792231869682,0.189656145241757,1.33238638191314,0.42472314080317,0.0604564522522658,0.0359694534279624
"2014-06",0.0719601202754216,0.0115569283738124,0.189878019257419,1.33421231686809,0.423603479526842,0.0602850000904764,0.0360536621971208
"2014-07",-0.0995671622356327,-0.0198013278424956,0.190005161513127,1.33464417310684,0.422389108327662,0.0601329645506633,0.0361019614016295
"2014-08",-0.0240385001855579,0.00201729761104641,0.190003643146598,1.33465874045656,0.421181584729621,0.0599599231617141,0.0361013844089798
"2014-09",-0.00246291238832619,0.00901314192387592,0.190077720887923,1.33518979877862,0.419997465428034,0.0597908709909946,0.0361295399779471
"2014-10",-0.0864199261675889,-0.0321186268821302,0.190120856710565,1.33429172319989,0.418808100832853,0.0596752220996413,0.0361459401563592
"2014-11",0.0405405621686135,0.0279543793625416,0.190573174366703,1.33693880978512,0.417688659607588,0.0595391899582787,0.0363181347882019
"2014-12",-0.0761880220903147,-0.0456052240249222,0.190434513455131,1.33360619154734,0.416516079746894,0.0594771061319138,0.0362653039148924
"2015-01",0.0524783499775052,0.0120433683240917,0.190642623314682,1.33520620823992,0.415431956266832,0.0593159599339041,0.0363446098243037
"2015-02",0.185595548791828,0.0744955941431968,0.193635940048298,1.35178540149507,0.414668427921166,0.0593990072389147,0.0374948772783881
"2015-03",0.105140128599366,0.0306665423791685,0.194465239948482,1.3572617798349,0.413692966306523,0.0592729443597705,0.0378167295482206
"2015-04",-0.0253700087385117,-0.0118130746186981,0.194341623233887,1.35621242906799,0.412560585631827,0.0591188313685573,0.037768666521182
"2015-05",0.0433839760757768,-0.0147035916227493,0.193902236658727,1.35305851590205,0.411495177287429,0.0589699812037456,0.037598077381257
"2015-06",-0.0374219768742928,-0.039946122609021,0.193480623948523,1.34827567488108,0.410377275864407,0.0588900718657138,0.0374347518435096
"2015-07",0.10217391146618,0.0381819207309997,0.19447654104348,1.35434227218158,0.409426682511864,0.0587915526682598,0.0378211250162363
"2015-08",-0.00591715547854876,-0.0824367149831029,0.192518681240868,1.33339882390164,0.408339164706725,0.0589567922808781,0.037063442626723
"2015-09",-0.067460533205426,-0.0681450053002242,0.19202978176426,1.32508877997326,0.407247280528718,0.059017635335797,0.0368754370844295
"2015-10",0.0425531703368809,0.0837665427427268,0.192744990380737,1.3233281832807,0.406222099549001,0.0591669365613494,0.0371506313168704
"2015-11",0.0346941334629993,0.00252880546860657,0.192740728204581,1.32345888046296,0.405195297759046,0.0590102480009287,0.0371489883088324
"2015-12",0.118778308766291,-0.0811310558126757,0.188574505042277,1.28881872738658,0.404316372028759,0.0591578614708808,0.0355603439519398
"2016-01",-0.0271740473534807,-0.0763186412396026,0.187330096869016,1.2746244806964,0.403260248754987,0.059266695883184,0.0350925651929547
"2016-02",-0.00558643910988876,-0.0402004834404316,0.186688503175869,1.26872898702761,0.402221969240668,0.0591853880141205,0.0348525972180465
"2016-03",0.0374530233736152,0.030928594165093,0.187121207240094,1.27095659274382,0.401228515298212,0.0590723275605095,0.0350143461989902
"2016-04",-0.00902521890288754,0.0346895713092954,0.187261101706937,1.27085328577133,0.400203973756312,0.0589703295196781,0.0350667202124957
"2016-05",0.131147608874551,0.000919574604506534,0.187167078499222,1.27088259893635,0.399386232154779,0.0588189297168635,0.0350315152739338
"2016-06",-0.048794160504535,-0.0963803625539628,0.185870161414589,1.25337644625012,0.398366087507788,0.0590759218498948,0.0345477169042854
"2016-07",0.202725729828136,0.0519275784017621,0.188118575851695,1.26737150034961,0.397756576079275,0.0590398321305465,0.0353885985804701
"2016-08",-0.0594900971599219,0.0150921844637726,0.188053102265211,1.26673981931088,0.396751728299175,0.0588995405357454,0.0353639692715698
"2016-09",0.0346385432358369,0.00718160188832551,0.188142751878652,1.26744235555188,0.395796641449597,0.0587531803560647,0.0353976950844719
"2016-10",-0.0262008122243329,0.041449233190354,0.188101703384965,1.26565256010781,0.394808764549071,0.0586766095717989,0.0353822508163252
"2016-11",0.00747379684221761,-0.0497741099052318,0.187149169467592,1.25697515782783,0.393844340035782,0.0586389004414232,0.0350248116324095
"2016-12",0.0238186088760124,0.0764139176282668,0.187512659505575,1.25434306403765,0.392899806601611,0.0587348786526895,0.0351609974748538
"2017-01",0.022321516272787,-0.00394557538988471,0.187422047185361,1.253810413998,0.391960720536855,0.0585910595725708,0.0351270237711515
"2017-02",-0.0218341450487782,0.0257965260701989,0.187468071103172,1.25357949372305,0.391002623127185,0.0584729631594687,0.0351442776831438
"2017-03",-0.00446439680267741,0.0949610580948146,0.18712836014419,1.24355270469204,0.390058683880244,0.058695575667287,0.0350170231702538
"2017-04",-0.0134527812209058,0.0241710620019955,0.187214263919943,1.24369686293709,0.389117403145807,0.0585740226411321,0.0350491806150859
"2017-05",-0.0575757284237954,0.0153231861648508,0.187155627012485,1.24314687625717,0.388177206557926,0.058440036228088,0.0350272287224364
"2017-06",-0.0586699059652701,-0.0400275735294118,0.187037843428403,1.24084527197292,0.387243956368564,0.058370915468532,0.0349831548743479
"2017-07",-0.0790381050790747,0.00552445739982765,0.187004663367171,1.24063282087572,0.386323128740466,0.0582317551377276,0.034970744121069
"2017-08",0.0279851992561662,-0.019300736183164,0.186603717900848,1.23770362856416,0.385436063412589,0.0581106823846787,0.0348209475344191
"2017-09",0.0272232350181014,0.00796155153162781,0.186682874462385,1.23829737797874,0.384554383900817,0.0579745374983331,0.0348504956175386
"2017-10",0.0282687618986197,0.0136781775273322,0.186837493847304,1.23930135112637,0.383679655082708,0.0578436754956312,0.0349082491071412
"2017-11",0.0807557669116383,-0.0296954435311446,0.185831084397853,1.2320941304669,0.382874719978762,0.0577472310295117,0.0345331919284818
"2017-12",-0.033277869224514,-0.01636466647488,0.185747208333472,1.23126836342623,0.381979883412058,0.0576248842989021,0.0345020254036783
"2018-01",-0.00340119381420134,0.0405818052273252,0.185882834986646,1.23087218045836,0.381100797526664,0.0575527644418354,0.0345524283426728
"2018-02",-0.0716723355927225,-0.0584796627577381,0.18576024009231,1.22699426649666,0.380222123710216,0.0575635558513919,0.0345068667991527
"2018-03",0.0919116850740356,-0.0243792789675191,0.184886075115754,1.22102580680723,0.379457458254781,0.0574569347666561,0.0341828607717082
"2018-04",0.134680027816061,0.0396024335736322,0.186046120041152,1.22804662873656,0.378778285440696,0.0573840021323804,0.0346131587823668
"2018-05",0.0222554014456928,-0.0516100865213704,0.184949858443527,1.21853220072817,0.377938132673438,0.0573637726574587,0.0342064501382809
"2018-06",0.0537008709861113,0.0166077011581534,0.185206219551083,1.22019748265329,0.377133990429431,0.0572428329222313,0.0343013437604039
"2018-07",0.0289255727165181,0.0257723918407857,0.185481521978654,1.22159689659356,0.376310135687234,0.0571371594819017,0.0344033949955181
"2018-08",0.00669355694587304,-0.0477778249370251,0.184669379335587,1.21428426953325,0.375475775843344,0.0571026737480432,0.034102779664191
"2018-09",-0.0319150115820819,-0.00105323004052704,0.184664333526305,1.21424943789702,0.374633532605375,0.0569746622530818,0.0341009160767145
"2018-10",0.0206045053996546,-0.0527947199975537,0.183587111910509,1.20484631217339,0.373819445019054,0.0569603206596868,0.0337042276596416
"2018-11",-0.0605652668235733,0.0206555569025131,0.183456783976279,1.20367145888037,0.372989981551124,0.0568490196937879,0.033656391586919
"2018-12",-0.117537833657004,-0.0591922391405407,0.18393895261737,1.2039791372707,0.372198070446921,0.0568628816936217,0.0338335382899749
"2019-01",0.104377099092265,0.0605159054612436,0.185247413602427,1.2099980171396,0.371503589644286,0.0568761916555121,0.0343166042463886
"2019-02",0.00914646712288869,0.0244018235377146,0.185416463564372,1.21069540346351,0.370702929259906,0.0567726828562265,0.034379264960718
"2019-03",0.138972618463313,-0.00403121353758518,0.185132420239656,1.20944234124462,0.370082940276874,0.0566495384578308,0.0342740130237926
"2019-04",0.0848808532839862,0.0357455722940876,0.185837053635876,1.21335063644474,0.369369239212756,0.0565726749195551,0.0345354105040634
"2019-05",-0.0427873210721343,-0.0591811837481611,0.185421285745838,1.20767470624347,0.368568928522275,0.0565885202855186,0.0343810532076398
"2019-06",0.0644881228826872,0.0216120927071686,0.185783006567632,1.20988666698453,0.3678370496155,0.056482871387332,0.0345153255293089
"2019-07",0.0796140041473241,-0.0247640789585852,0.185029496291146,1.20471580481739,0.367129067027614,0.056386498852528,0.0342359144977553
"2019-08",0.0670392975207974,-0.017623409806599,0.184552653070954,1.20155039273905,0.366408723856506,0.0562787066649036,0.0340596817555278
"2019-09",-0.0188482604460424,0.0489849197897703,0.184456545572769,1.19905634091498,0.365630486436847,0.0562466784778163,0.034024217204639
"2019-10",0.0992528356154856,0.00139545152522524,0.184414862744782,1.19914405088577,0.364964241324227,0.0561273938863682,0.0340088416011769
"2019-11",0.0368933675554213,0.0102079395085066,0.184530532185289,1.19993234262607,0.364225480568829,0.0560120928299315,0.0340515173085858
"2019-12",-0.0380423345256519,0.0210864195158789,0.184477407522514,1.19926158463086,0.363459498713155,0.055909458721363,0.0340319138862276
"2020-01",-0.0159999810452156,-0.0189858627926238,0.184338751313216,1.19804721991201,0.362700932708862,0.0558073470932149,0.0339807752357156
"2020-02",-0.115853762709991,-0.0688201377501504,0.184849094116202,1.19758733265928,0.361979963946625,0.0558720575936367,0.0341691875955805
"2020-03",-0.185057375640184,-0.222143278794639,0.185503797943276,1.16443601541611,0.361352634732256,0.0575663112890656,0.0344116590513798
"2020-04",0.12693937745937,0.0201756571925058,0.186045076662695,1.16803339779427,0.360760745134846,0.0574621929580518,0.0346127705504281
"2020-05",-0.0901127420686183,0.0251650752246442,0.185697953199228,1.16543918043245,0.360033447104249,0.0573667638200677,0.0344837298223827
"2020-06",0.00293060752509455,0.0190093570554146,0.185804744199371,1.16587575108699,0.359304286424284,0.0572620546971308,0.0345234029669938
"2020-07",-0.013812223517229,-0.0489531770861221,0.185296450933262,1.1609653120336,0.358573448575544,0.0572302951098213,0.0343347747284627
"2020-08",-0.071428453747683,0.0133917031093194,0.18518043297303,1.16012692427181,0.357850439752158,0.0571203874218232,0.0342917927560787
"2020-09",0.0377072806729102,-0.0362866636550326,0.184475288257633,1.15487644766236,0.3571572935202,0.0570508601234522,0.0340311319777366
"2020-10",-0.0595929078731376,-0.0393651398772441,0.184472086601896,1.15377397436753,0.356439301335695,0.0569895864572279,0.0340299507352575
"2020-11",0.163833048837378,0.251805532663352,0.187157649906637,1.12779444296663,0.355950324089146,0.0590700074428382,0.0350279859185751
"2020-12",-0.0315169761128177,-0.000396155340531279,0.187156543935802,1.12778761674552,0.355237851756332,0.058951781011527,0.0350275719379939
"2021-01",0.0530085653960191,-0.0391642230530287,0.186287583015107,1.12167860965456,0.354574358415741,0.0588874564067357,0.0347030635856104
"2021-02",-0.00136049221355006,0.060264260393168,0.186298498915053,1.1194737540409,0.353876904589565,0.0588908278445742,0.0347071306980022
"2021-03",-0.00408732919913524,0.0431610942249241,0.18636122597169,1.11871729407383,0.35318253765717,0.0588348200731751,0.0347305065456714
"2021-04",-0.0517098624281326,0.0273892773892774,0.186206176020673,1.117342431887,0.35248800047131,0.0587424595968209,0.0346727399882418
"2021-05",-0.0242356006882923,0.0378786603091321,0.186143474098611,1.1161027830943,0.351796932566696,0.0586726457429387,0.0346493929495002
"2021-06",0.00431713115161236,-0.0358185335199734,0.185714534262156,1.11270073392981,0.351118128071859,0.058603124485742,0.0344898882362094
"2021-07",-0.0225787779817684,-0.0164943541443847,0.185638692420061,1.11205826698313,0.350435314472566,0.0584990512529386,0.0344617241234301
"2021-08",0.00486321579781301,0.0196986306828395,0.185741078988358,1.11247686298401,0.349764604234808,0.0583973088736885,0.0344997484237593
"2021-09",0.0223835573684592,-0.00568577836779183,0.185654196794114,1.11198785264269,0.349107222651025,0.0582859074065138,0.0344674807872675
"2021-10",0.0437870057810221,0.0297170851868533,0.185979352071574,1.11352222102543,0.348469631829412,0.0582010445059401,0.0345883193969626
"2021-11",-0.0634921328154622,-0.0830895889363817,0.185687846234886,1.10736999057936,0.347805869794591,0.058321359093558,0.0344799762393506
"2021-12",0.108410025265542,0.049210751771255,0.186691185814511,1.11224735922395,0.3472543164312,0.0582867826802321,0.0348535988608284
"2022-01",-0.0149511769804642,-0.0115908102393709,0.186627809446223,1.11177983123886,0.346595616527577,0.0581809265276261,0.0348299392586959
"2022-02",-0.00350261188080891,-0.0155117513938138,0.186501903867521,1.11088065717809,0.345943809365856,0.0580793073144418,0.0347829601462102
"2022-03",0.077328608045151,-0.00402167482215499,0.186362314677769,1.11025341068639,0.345358420019883,0.0579703641789063,0.034730912332056
"2022-04",0.0793910216967579,0.0164711598881655,0.18663338647749,1.11193982621564,0.344778458358545,0.057869292699895,0.034832020948056
"2022-05",0.0100756290206085,0.0311385800197743,0.186780143258601,1.11227556845607,0.344142521122565,0.0577905253154783,0.0348868219157035
"2022-06",-0.0238018794341692,-0.0850477099573519,0.185859356107836,1.10225225354048,0.343500361995324,0.0579202772307282,0.0345437002528194
"2022-07",0.0747422084077121,0.00709990475178723,0.185952007405326,1.1029789270308,0.342924401726145,0.0578138705341432,0.0345781490580705
"2022-08",-0.0515587891656772,-0.0331159230019245,0.185950980669107,1.10228370797883,0.342290632419377,0.0577431003574756,0.0345777672118027
"2022-09",-0.0619468808326327,-0.0658500762782717,0.185854551852015,1.09905228938358,0.341663016214813,0.0577767112414883,0.0345419144441134
"2022-10",0.028301924309768,0.0800483535520096,0.186105083794347,1.09676083738311,0.341054649544851,0.0578722379287734,0.0346351022141008
"2022-11",-0.0340760846266881,0.0511154647536605,0.185834466576817,1.09363800570081,0.340429441578601,0.0578468591554324,0.03453444896789
"2022-12",-0.0474897977353885,-0.0160346019233956,0.185850650935593,1.09356920589747,0.339808789179171,0.0577500576296454,0.0345404644531835
"2023-01",-0.0096646249605592,0.0978114774194758,0.185317615895245,1.08487567001404,0.339193291976031,0.0579407336103723,0.0343426187610975
"2023-02",0.0406976505780414,0.0310272088429822,0.185618610387444,1.08620292441198,0.338607114854586,0.0578637570513219,0.0344542685221658
